Post ID,Influencer Handle,Content Type,Post Date,Likes,Comments,Shares,Followers,Post Reach,Hashtags
POST0000,@influencer7,Image,2023-12-15,5490,111,71,115268,66564,"#beauty,#fashion"
POST0001,@influencer8,Image,2023-05-11,1785,313,257,326879,250374,"#tech,#travel"
POST0002,@influencer12,Reel,2023-02-18,8766,63,169,154503,51560,"#fitness,#fashion,#beauty"
POST0003,@influencer3,Reel,2023-11-03,8938,25,166,354457,304516,"#travel,#food"
POST0004,@influencer20,Image,2023-09-21,8326,210,80,490283,120506,"#travel,#fitness"
POST0005,@influencer18,Story,2023-02-13,261,206,269,430822,360813,"#travel,#tech"
POST0006,@influencer13,Story,2023-02-22,4987,414,216,222851,130507,#fashion
POST0007,@influencer9,Image,2023-05-09,2127,140,62,141330,36614,"#beauty,#food,#fashion"
POST0008,@influencer9,Image,2023-05-15,8492,332,267,380713,67130,"#food,#fitness,#fashion"
POST0009,@influencer3,Reel,2023-08-15,8210,466,130,189064,128068,"#fashion,#food,#beauty"
POST0010,@influencer10,Image,2023-06-28,963,235,240,112059,61701,"#tech,#fashion"
POST0011,@influencer7,Carousel,2023-08-31,3257,288,65,376369,280958,#fitness
POST0012,@influencer11,Image,2023-12-14,5692,235,189,290920,92426,"#fashion,#travel,#beauty"
POST0013,@influencer7,Story,2023-05-17,4513,169,224,496314,156601,"#lifestyle,#fashion,#beauty"
POST0014,@influencer17,Story,2023-02-21,1391,299,112,72172,23663,#lifestyle
POST0015,@influencer5,Image,2023-08-13,6628,407,125,223164,109698,"#fashion,#fitness"
POST0016,@influencer6,Image,2023-11-21,3031,102,197,94045,49714,#tech
POST0017,@influencer20,Image,2023-12-12,2086,151,147,138983,24591,#tech
POST0018,@influencer18,Carousel,2023-10-25,362,256,143,363745,322181,#travel
POST0019,@influencer9,Reel,2023-04-09,9974,308,207,71690,56280,"#tech,#beauty"
POST0020,@influencer20,Story,2023-08-15,2657,477,98,138272,14387,"#tech,#beauty"
POST0021,@influencer4,Reel,2023-03-09,7044,402,276,485047,338171,"#fashion,#beauty,#lifestyle"
POST0022,@influencer14,Story,2023-02-07,3536,55,263,155810,69727,#fashion
POST0023,@influencer16,Carousel,2023-01-04,4742,196,48,110983,26823,"#fitness,#food"
POST0024,@influencer9,Reel,2023-10-07,3520,306,180,120294,104763,#fashion
POST0025,@influencer3,Image,2023-01-18,1916,494,222,421309,276725,"#fitness,#beauty"
POST0026,@influencer2,Story,2023-09-30,8196,397,298,214141,82999,#beauty
POST0027,@influencer13,Image,2023-11-09,4880,24,263,273799,114291,"#fitness,#tech"
POST0028,@influencer19,Reel,2023-07-05,674,194,124,289821,165970,"#lifestyle,#tech"
POST0029,@influencer11,Image,2023-04-11,3224,64,107,381836,177863,"#tech,#fashion"
POST0030,@influencer10,Story,2023-05-27,4852,124,274,33251,23117,"#food,#fitness"
POST0031,@influencer9,Image,2023-05-09,1181,126,0,397942,119459,"#travel,#fashion"
POST0032,@influencer7,Image,2023-03-10,7104,251,75,72215,16386,"#fashion,#tech"
POST0033,@influencer14,Story,2023-07-23,6717,436,38,489963,116886,"#travel,#food"
POST0034,@influencer2,Image,2023-08-11,7005,151,95,196232,104297,#beauty
POST0035,@influencer12,Story,2023-06-12,2527,37,178,360754,307785,"#beauty,#food,#tech"
POST0036,@influencer12,Carousel,2023-10-29,9045,39,214,98008,61213,#travel
POST0037,@influencer9,Carousel,2023-07-15,925,118,74,136484,17927,#travel
POST0038,@influencer9,Image,2023-07-11,2886,181,98,90999,18395,#fashion
POST0039,@influencer13,Carousel,2023-08-05,3014,365,285,379032,199924,#food
POST0040,@influencer12,Reel,2023-08-21,8182,80,264,433486,375156,"#beauty,#lifestyle,#fitness"
POST0041,@influencer3,Image,2023-01-25,5688,488,52,327710,237601,"#fitness,#food,#travel"
POST0042,@influencer5,Carousel,2023-08-03,9024,239,145,108150,23186,"#travel,#tech"
POST0043,@influencer14,Reel,2023-06-17,6413,397,282,286209,62188,#fashion
POST0044,@influencer20,Reel,2023-11-23,4412,305,131,171981,114633,"#lifestyle,#fitness,#tech"
POST0045,@influencer7,Story,2023-06-22,4848,246,219,270853,39285,#food
POST0046,@influencer17,Reel,2023-11-08,1028,426,116,381965,283298,#travel
POST0047,@influencer11,Image,2023-08-17,9542,151,19,119065,27738,#travel
POST0048,@influencer16,Carousel,2023-01-12,1453,228,271,26447,10991,#fitness
POST0049,@influencer18,Image,2023-08-08,5064,45,227,25159,11638,"#travel,#fashion,#food"
POST0050,@influencer16,Reel,2023-02-15,7814,257,81,61178,41636,"#lifestyle,#travel,#beauty"
POST0051,@influencer13,Reel,2023-04-29,1115,293,64,105497,93873,#food
POST0052,@influencer17,Reel,2023-04-08,7366,389,5,279907,210020,"#fashion,#food,#lifestyle"
POST0053,@influencer5,Story,2023-03-24,7345,461,0,312250,99853,"#tech,#beauty"
POST0054,@influencer7,Story,2023-09-07,8965,442,117,317066,163647,#travel
POST0055,@influencer17,Image,2023-09-12,3474,411,206,6252,3727,"#fitness,#tech"
POST0056,@influencer2,Story,2023-10-13,9650,351,248,320557,147689,"#beauty,#lifestyle,#fitness"
POST0057,@influencer4,Story,2023-07-03,3572,334,272,287107,43924,#travel
POST0058,@influencer11,Carousel,2023-08-28,2006,115,248,160286,32447,"#fashion,#lifestyle,#fitness"
POST0059,@influencer3,Carousel,2023-04-03,771,438,60,126465,35293,#travel
POST0060,@influencer6,Reel,2023-05-13,6476,16,45,56745,11519,"#food,#tech"
POST0061,@influencer15,Image,2023-12-16,2978,52,60,140504,45172,#fashion
POST0062,@influencer14,Story,2023-01-28,8250,82,215,250121,174578,"#fitness,#fashion"
POST0063,@influencer11,Carousel,2023-10-01,7773,298,226,301818,88727,#tech
POST0064,@influencer17,Carousel,2023-03-27,7741,130,299,271776,220796,#beauty
POST0065,@influencer15,Image,2023-04-21,9785,38,110,340623,193892,"#tech,#travel,#food"
POST0066,@influencer2,Carousel,2023-11-11,976,458,228,426240,123516,"#fitness,#lifestyle"
POST0067,@influencer9,Carousel,2023-08-31,2690,44,228,343467,308366,"#fitness,#lifestyle"
POST0068,@influencer17,Story,2023-03-03,5660,198,202,346383,166712,#fitness
POST0069,@influencer1,Image,2023-04-23,6383,51,0,109537,78233,"#fashion,#food"
POST0070,@influencer3,Reel,2023-06-27,109,265,137,400435,104667,"#fashion,#travel"
POST0071,@influencer11,Carousel,2023-02-07,3590,98,94,373432,291494,"#food,#lifestyle"
POST0072,@influencer3,Carousel,2023-01-01,5515,324,59,142023,102996,"#tech,#lifestyle,#travel"
POST0073,@influencer5,Reel,2023-12-05,7646,82,61,287755,101565,"#beauty,#food"
POST0074,@influencer15,Reel,2023-06-02,2292,229,103,97263,58298,"#fitness,#fashion,#food"
POST0075,@influencer10,Image,2023-01-15,5842,161,288,64379,44625,"#fashion,#travel,#lifestyle"
POST0076,@influencer1,Story,2023-07-15,2745,326,9,370060,296570,#fitness
POST0077,@influencer13,Image,2023-07-03,3328,140,260,131108,37156,#food
POST0078,@influencer5,Image,2023-01-11,6266,307,217,211988,44791,"#beauty,#fashion"
POST0079,@influencer5,Image,2023-05-07,3277,96,286,114945,17832,"#food,#lifestyle,#travel"
POST0080,@influencer1,Story,2023-04-11,3576,350,109,183595,36669,#fashion
POST0081,@influencer15,Reel,2023-11-05,8493,440,116,365089,133914,"#tech,#lifestyle,#beauty"
POST0082,@influencer7,Story,2023-12-13,3700,132,250,477242,142495,#fashion
POST0083,@influencer11,Story,2023-06-03,5688,53,83,24816,5432,"#fashion,#travel"
POST0084,@influencer1,Image,2023-05-21,9281,219,210,98501,26015,#lifestyle
POST0085,@influencer1,Story,2023-06-24,6745,480,112,31737,15792,"#fashion,#travel,#beauty"
POST0086,@influencer7,Carousel,2023-10-15,4973,462,161,188675,139732,"#tech,#travel,#fitness"
POST0087,@influencer3,Image,2023-09-12,8619,58,248,483446,268580,"#lifestyle,#tech,#beauty"
POST0088,@influencer14,Carousel,2023-06-14,6712,402,222,71358,58304,"#lifestyle,#food,#tech"
POST0089,@influencer4,Reel,2023-07-07,4277,6,196,92955,34271,"#lifestyle,#tech,#fitness"
POST0090,@influencer6,Image,2023-08-10,7183,359,279,443864,352771,"#food,#beauty,#lifestyle"
POST0091,@influencer9,Image,2023-08-25,1404,363,200,322173,198472,"#travel,#beauty"
POST0092,@influencer5,Carousel,2023-11-22,5575,45,33,438168,185870,"#travel,#fitness"
POST0093,@influencer6,Carousel,2023-06-17,8901,272,236,52924,12717,#lifestyle
POST0094,@influencer14,Image,2023-05-10,3167,314,192,155322,26757,"#fitness,#lifestyle,#food"
POST0095,@influencer4,Reel,2023-07-06,9542,314,97,189374,119483,"#lifestyle,#food"
POST0096,@influencer19,Carousel,2023-09-01,7201,369,200,168993,81013,#fashion
POST0097,@influencer8,Story,2023-01-25,8070,135,228,91123,59754,"#beauty,#lifestyle"
POST0098,@influencer17,Reel,2023-01-17,429,61,11,137413,119073,"#food,#fashion,#tech"
POST0099,@influencer16,Story,2023-07-19,6709,93,267,82454,53969,#lifestyle
POST0100,@influencer7,Story,2023-12-01,8920,11,136,409338,343646,"#fitness,#food"
POST0101,@influencer7,Carousel,2023-04-13,5492,18,158,319519,90745,#food
POST0102,@influencer12,Carousel,2023-01-15,6740,8,209,118824,96102,"#fitness,#beauty"
POST0103,@influencer2,Story,2023-09-08,3910,383,38,374453,142505,"#travel,#fashion"
POST0104,@influencer12,Carousel,2023-09-23,7169,413,64,37733,3874,#fitness
POST0105,@influencer5,Reel,2023-07-12,8273,467,72,402710,164088,"#food,#lifestyle,#travel"
POST0106,@influencer6,Carousel,2023-11-15,8302,66,225,184352,128066,"#lifestyle,#fashion,#fitness"
POST0107,@influencer10,Carousel,2023-08-14,924,222,240,191626,145820,#food
POST0108,@influencer17,Reel,2023-06-27,9141,66,144,379999,310819,"#fashion,#food,#fitness"
POST0109,@influencer4,Story,2023-12-23,1390,109,122,496036,402284,#tech
POST0110,@influencer5,Carousel,2023-08-14,9275,128,37,478415,314113,"#travel,#lifestyle"
POST0111,@influencer5,Reel,2023-03-22,5333,44,223,382149,219325,"#tech,#beauty"
POST0112,@influencer6,Image,2023-05-27,2483,172,91,495042,392981,#tech
POST0113,@influencer4,Carousel,2023-06-04,2569,192,6,199692,160691,"#food,#lifestyle"
POST0114,@influencer7,Carousel,2023-03-23,2503,262,205,194004,98161,"#lifestyle,#tech,#food"
POST0115,@influencer8,Carousel,2023-12-20,4643,348,162,137079,25439,"#travel,#beauty"
POST0116,@influencer15,Story,2023-02-06,5184,282,195,208667,135697,"#tech,#beauty"
POST0117,@influencer10,Story,2023-07-12,8313,478,119,381826,298561,"#fashion,#fitness"
POST0118,@influencer20,Reel,2023-01-07,8320,399,32,12813,5092,"#fitness,#lifestyle,#food"
POST0119,@influencer4,Reel,2023-04-09,6640,493,38,204950,150811,#fitness
POST0120,@influencer11,Carousel,2023-07-14,2996,386,235,229695,102413,#tech
POST0121,@influencer5,Carousel,2023-09-14,1033,19,161,400196,104165,#lifestyle
POST0122,@influencer14,Reel,2023-05-25,3776,313,7,210390,97401,"#tech,#fashion"
POST0123,@influencer3,Image,2023-02-15,626,157,221,265550,53149,#lifestyle
POST0124,@influencer2,Image,2023-03-13,8686,68,204,196184,21442,"#lifestyle,#beauty"
POST0125,@influencer6,Reel,2023-09-24,313,183,87,211376,62067,#travel
POST0126,@influencer8,Image,2023-08-30,8132,6,224,425640,343077,"#travel,#lifestyle"
POST0127,@influencer2,Story,2023-12-25,189,178,121,217977,165041,"#fashion,#beauty"
POST0128,@influencer3,Carousel,2023-01-09,7017,77,222,162087,54958,"#beauty,#fitness"
POST0129,@influencer7,Carousel,2023-03-25,307,392,21,210209,101893,"#lifestyle,#tech,#travel"
POST0130,@influencer12,Carousel,2023-01-12,1660,305,242,424961,154351,"#fashion,#lifestyle"
POST0131,@influencer19,Image,2023-03-23,7157,215,149,173484,155626,#beauty
POST0132,@influencer15,Reel,2023-11-28,7105,217,158,64321,44649,#travel
POST0133,@influencer19,Image,2023-04-15,6663,254,116,36585,17902,"#fitness,#beauty"
POST0134,@influencer19,Carousel,2023-07-05,9561,129,267,254474,152270,#beauty
POST0135,@influencer10,Image,2023-01-14,6577,6,292,69324,10766,#beauty
POST0136,@influencer7,Reel,2023-03-25,8421,235,144,392962,137426,"#food,#fashion"
POST0137,@influencer12,Image,2023-06-13,7162,307,286,385298,310923,"#travel,#fitness"
POST0138,@influencer1,Reel,2023-10-03,5995,175,0,376000,87846,#fashion
POST0139,@influencer17,Image,2023-02-13,2303,371,206,154381,40860,#beauty
POST0140,@influencer20,Story,2023-10-12,6362,39,197,343404,290897,#tech
POST0141,@influencer18,Image,2023-09-08,225,486,216,356537,313209,"#fitness,#food,#beauty"
POST0142,@influencer13,Image,2023-12-02,2069,238,7,277369,69530,"#food,#fitness,#fashion"
POST0143,@influencer2,Reel,2023-11-07,5338,222,113,33625,19982,"#beauty,#fashion,#lifestyle"
POST0144,@influencer4,Reel,2023-01-01,3224,308,68,163056,30210,"#lifestyle,#travel"
POST0145,@influencer16,Reel,2023-03-14,3928,81,158,202096,37850,"#fitness,#lifestyle"
POST0146,@influencer2,Story,2023-10-06,9142,369,128,399583,134857,"#travel,#tech,#fashion"
POST0147,@influencer15,Reel,2023-11-12,5692,421,223,360824,164368,"#fitness,#beauty"
POST0148,@influencer10,Story,2023-09-22,9318,89,281,273615,140984,"#travel,#lifestyle"
POST0149,@influencer5,Story,2023-10-31,8334,436,20,431390,191834,"#fashion,#lifestyle,#travel"
POST0150,@influencer15,Image,2023-10-04,240,474,274,445097,103736,#lifestyle
POST0151,@influencer3,Image,2023-05-24,205,424,157,375321,157606,#lifestyle
POST0152,@influencer12,Story,2023-02-08,7152,163,70,487238,90383,"#travel,#fitness"
POST0153,@influencer1,Image,2023-06-22,6384,379,117,170140,137365,#travel
POST0154,@influencer10,Image,2023-06-01,4915,53,153,132834,96227,"#beauty,#fitness"
POST0155,@influencer18,Carousel,2023-06-13,3140,443,241,132556,31072,"#tech,#lifestyle,#beauty"
POST0156,@influencer16,Reel,2023-05-23,1087,459,159,96658,27601,"#travel,#food"
POST0157,@influencer3,Carousel,2023-03-26,9869,378,124,299054,203241,"#fitness,#beauty,#fashion"
POST0158,@influencer10,Image,2023-06-16,6864,498,35,378479,233230,"#food,#beauty,#tech"
POST0159,@influencer4,Reel,2023-02-18,3813,448,4,466227,133793,#beauty
POST0160,@influencer3,Story,2023-11-22,5349,219,171,417417,162940,"#fitness,#travel,#lifestyle"
POST0161,@influencer4,Reel,2023-11-29,3474,315,207,237041,42037,#beauty
POST0162,@influencer13,Carousel,2023-12-14,6870,108,117,227724,157071,#lifestyle
POST0163,@influencer18,Image,2023-08-19,4995,165,271,15699,11391,"#lifestyle,#fashion"
POST0164,@influencer13,Story,2023-12-27,440,262,248,397136,201657,"#travel,#fitness,#beauty"
POST0165,@influencer6,Carousel,2023-05-23,4537,320,100,226427,60412,"#food,#beauty,#travel"
POST0166,@influencer10,Story,2023-05-14,3238,340,6,493371,372489,"#food,#fitness,#lifestyle"
POST0167,@influencer18,Story,2023-10-03,6197,260,265,403872,226221,#beauty
POST0168,@influencer14,Image,2023-11-06,8529,385,24,207380,81713,#tech
POST0169,@influencer12,Image,2023-05-08,8834,338,19,256537,82656,"#fitness,#lifestyle,#food"
POST0170,@influencer19,Carousel,2023-01-05,6588,134,266,448057,65516,"#fashion,#food,#beauty"
POST0171,@influencer14,Carousel,2023-09-20,8691,256,96,102539,62195,#travel
POST0172,@influencer18,Carousel,2023-04-26,7970,66,255,187268,71796,"#travel,#lifestyle,#fashion"
POST0173,@influencer2,Story,2023-08-07,6648,250,229,209366,118442,"#travel,#lifestyle,#food"
POST0174,@influencer18,Reel,2023-08-01,2485,489,172,136743,67042,"#tech,#fashion,#lifestyle"
POST0175,@influencer4,Story,2023-02-21,4819,256,81,288367,215856,#travel
POST0176,@influencer17,Reel,2023-07-11,116,124,128,200713,90337,#travel
POST0177,@influencer11,Carousel,2023-10-17,875,447,213,318543,89692,#fashion
POST0178,@influencer5,Image,2023-11-29,3371,91,42,434440,68497,"#travel,#tech,#fashion"
POST0179,@influencer14,Image,2023-05-19,4631,403,210,130426,32366,"#fitness,#travel,#food"
POST0180,@influencer8,Image,2023-05-18,9865,115,219,422104,141977,#food
POST0181,@influencer4,Story,2023-04-15,8669,123,189,274054,239739,#fitness
POST0182,@influencer13,Reel,2023-06-09,4083,292,287,462595,104227,"#beauty,#food"
POST0183,@influencer8,Carousel,2023-11-30,6367,477,113,360093,114881,#fashion
POST0184,@influencer7,Reel,2023-09-25,1356,435,17,367644,258833,#fitness
POST0185,@influencer11,Reel,2023-01-22,7103,289,268,90457,16857,#tech
POST0186,@influencer19,Carousel,2023-03-29,8752,282,170,32044,18338,"#food,#fashion,#fitness"
POST0187,@influencer7,Image,2023-10-08,7395,233,110,355343,166743,#lifestyle
POST0188,@influencer10,Story,2023-01-10,1528,388,230,477794,119649,#tech
POST0189,@influencer12,Reel,2023-01-14,3589,441,19,122322,86238,"#food,#beauty,#fashion"
POST0190,@influencer15,Reel,2023-05-12,9335,398,23,202621,116392,#fitness
POST0191,@influencer4,Image,2023-02-26,5136,24,272,294910,235753,#lifestyle
POST0192,@influencer20,Image,2023-09-11,261,162,81,412442,130272,"#beauty,#food,#lifestyle"
POST0193,@influencer6,Reel,2023-12-22,8723,177,227,272613,98836,"#beauty,#tech,#travel"
POST0194,@influencer15,Carousel,2023-11-09,1119,122,160,458008,279404,"#fashion,#fitness,#beauty"
POST0195,@influencer16,Reel,2023-03-02,8429,54,258,321364,212165,"#food,#travel"
POST0196,@influencer13,Carousel,2023-09-02,1549,39,68,67812,31830,#fitness
POST0197,@influencer4,Story,2023-08-19,7562,423,128,269983,184562,"#fashion,#travel"
POST0198,@influencer20,Image,2023-02-05,6968,418,105,359717,46414,"#lifestyle,#fitness,#beauty"
POST0199,@influencer10,Reel,2023-07-24,681,48,227,195135,26772,"#tech,#food"
POST0200,@influencer7,Story,2023-05-07,9714,470,159,406143,218771,"#travel,#fitness,#food"
POST0201,@influencer5,Story,2023-01-21,3770,222,160,12345,8345,"#lifestyle,#travel,#food"
POST0202,@influencer2,Image,2023-02-12,6666,90,176,353688,208789,"#food,#travel"
POST0203,@influencer2,Story,2023-04-22,3237,334,97,213015,91471,#fitness
POST0204,@influencer6,Image,2023-02-28,710,196,242,105158,52348,"#fitness,#tech,#lifestyle"
POST0205,@influencer15,Image,2023-08-20,1849,120,91,5781,1682,#tech
POST0206,@influencer3,Image,2023-02-13,7364,46,226,26253,10436,"#beauty,#lifestyle,#food"
POST0207,@influencer19,Carousel,2023-09-25,107,412,296,343083,110182,"#lifestyle,#travel,#food"
POST0208,@influencer2,Carousel,2023-12-02,6630,369,258,398498,128126,"#tech,#fashion"
POST0209,@influencer16,Carousel,2023-04-11,2407,482,245,273050,220060,"#fashion,#food,#lifestyle"
POST0210,@influencer13,Story,2023-09-17,1023,106,222,31170,7162,"#lifestyle,#fashion,#food"
POST0211,@influencer2,Story,2023-05-13,326,193,264,407803,340338,"#beauty,#fashion"
POST0212,@influencer15,Image,2023-12-30,2604,217,215,313449,236780,"#fitness,#travel"
POST0213,@influencer1,Reel,2023-06-12,1815,38,40,208058,95765,"#food,#fashion"
POST0214,@influencer15,Carousel,2023-10-16,9015,385,271,92969,33476,"#travel,#fashion,#beauty"
POST0215,@influencer3,Image,2023-10-30,6025,147,190,107932,13658,#lifestyle
POST0216,@influencer9,Carousel,2023-09-09,7474,214,114,393832,314821,"#fitness,#beauty,#food"
POST0217,@influencer14,Image,2023-11-24,5761,338,83,244472,32666,"#food,#beauty"
POST0218,@influencer3,Story,2023-10-02,7980,288,172,184526,110175,#fashion
POST0219,@influencer20,Story,2023-04-30,1033,441,163,429871,133540,#tech
POST0220,@influencer3,Reel,2023-11-30,140,200,67,186211,145581,#fashion
POST0221,@influencer16,Reel,2023-03-03,2579,162,267,190378,59820,"#lifestyle,#travel"
POST0222,@influencer12,Reel,2023-07-20,3616,397,34,276312,41930,#lifestyle
POST0223,@influencer9,Carousel,2023-01-26,6848,410,231,478620,289587,#fitness
POST0224,@influencer4,Story,2023-03-17,8870,346,193,367455,213315,"#food,#travel,#beauty"
POST0225,@influencer12,Story,2023-08-06,4478,140,92,309748,150423,"#fashion,#lifestyle"
POST0226,@influencer6,Reel,2023-10-29,5076,194,135,435634,337677,#food
POST0227,@influencer11,Story,2023-08-21,1900,348,36,75448,44789,#food
POST0228,@influencer11,Story,2023-05-27,5102,337,126,319925,74274,"#travel,#fashion,#lifestyle"
POST0229,@influencer1,Reel,2023-03-31,6346,480,249,348492,35285,"#fashion,#fitness,#food"
POST0230,@influencer15,Image,2023-12-04,4133,328,160,261638,164866,#lifestyle
POST0231,@influencer19,Carousel,2023-02-10,5989,451,284,353264,218020,"#lifestyle,#fitness,#food"
POST0232,@influencer9,Reel,2023-02-08,870,88,154,67068,55127,"#lifestyle,#beauty"
POST0233,@influencer12,Carousel,2023-08-23,1956,315,212,173509,94894,"#travel,#beauty,#fashion"
POST0234,@influencer18,Image,2023-04-09,3600,379,72,172860,136454,"#beauty,#fitness"
POST0235,@influencer12,Carousel,2023-02-10,3234,27,74,200119,21982,"#travel,#fashion,#lifestyle"
POST0236,@influencer7,Story,2023-06-05,106,200,55,288456,108661,"#lifestyle,#fitness,#travel"
POST0237,@influencer15,Carousel,2023-05-06,1929,68,175,96575,85993,#travel
POST0238,@influencer3,Carousel,2023-02-14,8039,158,154,12597,1571,"#food,#fitness,#tech"
POST0239,@influencer15,Reel,2023-01-30,4109,489,121,220164,87254,#beauty
POST0240,@influencer13,Carousel,2023-05-06,5719,405,108,172647,64278,#travel
POST0241,@influencer19,Carousel,2023-02-11,9669,420,108,192954,46644,#fashion
POST0242,@influencer4,Carousel,2023-04-02,9595,129,110,462569,227176,"#tech,#lifestyle,#fashion"
POST0243,@influencer19,Reel,2023-12-07,2667,288,4,357912,239338,"#fitness,#food"
POST0244,@influencer13,Carousel,2023-05-20,6638,491,4,96088,61938,#beauty
POST0245,@influencer19,Story,2023-10-31,5967,312,69,470918,161034,"#fashion,#food"
POST0246,@influencer18,Reel,2023-06-28,6168,466,218,492505,223973,"#fashion,#fitness,#tech"
POST0247,@influencer8,Image,2023-12-03,2484,373,224,107239,31346,"#fashion,#beauty,#food"
POST0248,@influencer14,Reel,2023-10-14,8282,212,113,163175,137622,"#tech,#fitness"
POST0249,@influencer16,Image,2023-07-13,3835,39,183,63653,55120,"#tech,#fitness,#beauty"
POST0250,@influencer8,Carousel,2023-01-30,1188,296,24,407980,282477,#fashion
POST0251,@influencer1,Image,2023-02-04,3275,27,264,26281,4260,"#fitness,#fashion"
POST0252,@influencer13,Reel,2023-10-17,2192,65,82,210157,71380,#fitness
POST0253,@influencer2,Story,2023-01-13,2655,294,294,266570,198004,"#fashion,#food"
POST0254,@influencer1,Reel,2023-08-21,5889,441,268,432540,117522,"#beauty,#fashion,#food"
POST0255,@influencer10,Story,2023-02-23,9879,152,159,148217,43508,"#fashion,#tech"
POST0256,@influencer8,Story,2023-01-12,6146,466,289,173785,131906,"#fashion,#beauty,#lifestyle"
POST0257,@influencer17,Story,2023-12-15,1909,100,213,294061,240124,"#travel,#fashion"
POST0258,@influencer11,Reel,2023-03-06,5838,151,136,264994,210203,"#food,#fashion"
POST0259,@influencer16,Image,2023-06-28,8762,222,216,290622,30076,"#fashion,#tech,#food"
POST0260,@influencer12,Carousel,2023-09-30,4988,98,200,83356,40037,"#travel,#tech,#lifestyle"
POST0261,@influencer16,Carousel,2023-01-28,9315,45,145,111239,43935,#lifestyle
POST0262,@influencer4,Carousel,2023-01-16,4524,170,99,343540,241583,#tech
POST0263,@influencer6,Image,2023-05-29,639,492,64,341227,57419,"#food,#lifestyle,#fashion"
POST0264,@influencer10,Reel,2023-02-13,8082,57,73,198069,58135,"#beauty,#travel"
POST0265,@influencer3,Reel,2023-04-21,2761,21,267,172093,53923,#tech
POST0266,@influencer1,Image,2023-04-29,3327,276,174,343384,177542,"#lifestyle,#fitness"
POST0267,@influencer9,Story,2023-05-14,4163,228,152,308136,212990,"#fashion,#tech,#travel"
POST0268,@influencer4,Reel,2023-05-15,7495,115,159,9426,7199,"#fashion,#lifestyle,#tech"
POST0269,@influencer9,Reel,2023-04-08,5445,416,204,38870,5743,"#lifestyle,#tech"
POST0270,@influencer20,Story,2023-11-27,6783,282,232,113048,31687,"#travel,#food,#beauty"
POST0271,@influencer13,Carousel,2023-09-24,8752,185,67,452470,104567,"#beauty,#food,#fashion"
POST0272,@influencer15,Carousel,2023-06-23,3413,286,240,283385,30116,#lifestyle
POST0273,@influencer2,Carousel,2023-08-12,3744,126,276,133557,21501,"#fitness,#travel"
POST0274,@influencer13,Carousel,2023-08-10,5185,10,92,48527,12973,"#fashion,#beauty,#travel"
POST0275,@influencer18,Carousel,2023-12-17,9897,173,271,280011,241129,"#lifestyle,#beauty,#travel"
POST0276,@influencer18,Carousel,2023-11-07,9161,378,153,133389,33625,"#food,#tech,#fitness"
POST0277,@influencer11,Reel,2023-12-02,6693,422,246,406927,93323,"#fashion,#beauty"
POST0278,@influencer20,Image,2023-08-30,6073,97,85,163763,17961,"#travel,#fitness"
POST0279,@influencer11,Reel,2023-08-04,2317,256,54,441679,329766,"#food,#fashion"
POST0280,@influencer13,Reel,2023-01-10,2887,269,247,417918,349222,"#fashion,#food,#tech"
POST0281,@influencer20,Image,2023-04-27,9921,167,98,8696,3960,"#travel,#beauty"
POST0282,@influencer18,Image,2023-04-24,8445,369,115,234206,118219,"#food,#travel,#tech"
POST0283,@influencer2,Image,2023-08-25,2880,72,196,192647,86554,"#lifestyle,#fitness,#tech"
POST0284,@influencer13,Image,2023-07-18,7570,331,153,443823,186740,"#fitness,#beauty"
POST0285,@influencer13,Reel,2023-02-10,9683,151,111,218606,27598,"#beauty,#lifestyle"
POST0286,@influencer5,Reel,2023-07-14,9682,284,282,50095,6918,"#lifestyle,#fitness"
POST0287,@influencer17,Carousel,2023-06-30,7515,120,278,442100,57498,"#fashion,#travel"
POST0288,@influencer6,Reel,2023-11-09,9965,172,102,352220,120865,"#lifestyle,#fitness,#fashion"
POST0289,@influencer4,Carousel,2023-06-18,6128,347,29,433733,327217,"#food,#beauty,#lifestyle"
POST0290,@influencer4,Carousel,2023-01-16,5241,217,148,285519,179537,"#fitness,#beauty,#travel"
POST0291,@influencer9,Reel,2023-05-19,3651,14,213,294272,114580,"#tech,#food,#fashion"
POST0292,@influencer1,Carousel,2023-08-05,2710,296,80,277872,127557,"#beauty,#fashion"
POST0293,@influencer7,Reel,2023-05-06,3764,422,250,71216,18245,#fashion
POST0294,@influencer17,Carousel,2023-02-18,9391,372,174,97268,83424,#food
POST0295,@influencer19,Carousel,2023-03-19,1393,166,188,444030,127871,"#tech,#fashion,#food"
POST0296,@influencer19,Reel,2023-07-12,1576,287,12,381047,281975,"#tech,#fitness,#fashion"
POST0297,@influencer20,Carousel,2023-05-31,9829,380,21,415482,208244,"#beauty,#fitness,#lifestyle"
POST0298,@influencer19,Story,2023-11-24,7391,485,112,92051,30386,"#tech,#lifestyle,#fashion"
POST0299,@influencer5,Reel,2023-11-30,7336,122,58,90024,29582,#fitness
POST0300,@influencer15,Carousel,2023-10-16,3865,395,78,443486,114948,"#travel,#lifestyle,#fashion"
POST0301,@influencer10,Reel,2023-02-26,9707,222,61,109092,96184,"#travel,#fitness"
POST0302,@influencer5,Story,2023-08-07,5908,208,70,64778,17118,#fitness
POST0303,@influencer11,Carousel,2023-10-22,1618,234,19,217954,96836,"#tech,#lifestyle,#fitness"
POST0304,@influencer3,Story,2023-07-26,1406,270,72,378216,241167,"#beauty,#lifestyle"
POST0305,@influencer4,Reel,2023-03-24,9469,477,265,329404,281900,"#fitness,#tech"
POST0306,@influencer2,Story,2023-01-25,6224,288,67,477070,144304,"#travel,#tech,#beauty"
POST0307,@influencer10,Image,2023-10-15,8467,170,144,87289,60601,"#fashion,#tech"
POST0308,@influencer15,Carousel,2023-05-12,3776,383,72,135970,14581,#beauty
POST0309,@influencer13,Image,2023-02-08,8660,249,150,399350,275942,"#food,#travel,#beauty"
POST0310,@influencer16,Story,2023-10-23,8352,438,160,91346,52600,"#food,#fitness"
POST0311,@influencer4,Carousel,2023-11-15,2093,362,90,377461,125768,"#travel,#food"
POST0312,@influencer7,Reel,2023-10-11,3012,186,36,353808,45289,"#food,#fitness,#travel"
POST0313,@influencer6,Story,2023-06-17,5838,41,91,340377,258616,"#food,#lifestyle"
POST0314,@influencer7,Reel,2023-12-29,8103,480,206,143368,102013,"#food,#travel"
POST0315,@influencer16,Reel,2023-05-13,2132,206,20,316537,254923,#fashion
POST0316,@influencer4,Image,2023-10-10,4941,27,152,324764,225394,"#tech,#lifestyle"
POST0317,@influencer5,Image,2023-04-20,6221,181,294,409303,327874,#fashion
POST0318,@influencer9,Story,2023-09-18,186,469,75,226135,157997,#fashion
POST0319,@influencer13,Image,2023-02-15,1747,411,44,10520,7285,#fitness
POST0320,@influencer1,Story,2023-07-28,4833,239,121,104977,63795,"#beauty,#lifestyle,#travel"
POST0321,@influencer7,Carousel,2023-02-16,246,122,151,389583,346338,#beauty
POST0322,@influencer8,Carousel,2023-12-20,5718,145,245,400136,242136,"#fashion,#travel,#tech"
POST0323,@influencer7,Image,2023-12-10,6260,75,268,63692,45338,"#tech,#food,#beauty"
POST0324,@influencer17,Story,2023-01-17,6414,29,250,55940,23858,#tech
POST0325,@influencer9,Image,2023-11-08,4004,97,85,281815,74046,"#lifestyle,#fashion,#food"
POST0326,@influencer9,Reel,2023-09-28,5094,143,180,311093,127629,"#beauty,#tech"
POST0327,@influencer4,Carousel,2023-08-08,4880,86,44,357245,159609,#tech
POST0328,@influencer14,Image,2023-02-09,5726,64,121,397670,265250,"#food,#lifestyle,#fitness"
POST0329,@influencer2,Reel,2023-07-26,5267,413,135,200784,113838,#lifestyle
POST0330,@influencer5,Carousel,2023-07-11,8335,33,58,353742,222852,"#travel,#lifestyle,#fitness"
POST0331,@influencer3,Reel,2023-03-05,9095,494,244,293213,207188,"#food,#fitness"
POST0332,@influencer8,Reel,2023-04-04,6959,142,299,115986,29035,#fitness
POST0333,@influencer18,Story,2023-08-12,483,66,293,212352,66094,"#lifestyle,#food"
POST0334,@influencer14,Reel,2023-12-22,8057,78,206,310539,145710,"#travel,#beauty,#lifestyle"
POST0335,@influencer8,Reel,2023-06-14,6818,26,69,347908,279491,"#fitness,#travel,#fashion"
POST0336,@influencer16,Story,2023-08-05,2203,370,186,180607,65060,#food
POST0337,@influencer6,Image,2023-01-27,9967,303,286,341986,254893,"#fashion,#fitness"
POST0338,@influencer16,Reel,2023-09-26,2950,463,186,253724,184454,"#fitness,#lifestyle,#fashion"
POST0339,@influencer14,Image,2023-04-24,3604,484,182,363606,185187,"#tech,#fashion"
POST0340,@influencer19,Reel,2023-03-09,9888,33,18,146994,94208,#fashion
POST0341,@influencer11,Story,2023-07-02,2687,201,190,383170,182169,#travel
POST0342,@influencer20,Story,2023-01-14,4483,399,188,450329,175603,"#lifestyle,#tech"
POST0343,@influencer9,Carousel,2023-12-11,2605,410,63,339662,196814,"#beauty,#lifestyle,#fitness"
POST0344,@influencer14,Story,2023-04-22,8666,63,42,382038,294369,"#fitness,#beauty"
POST0345,@influencer13,Reel,2023-11-18,9096,437,229,189099,30794,"#tech,#fashion,#fitness"
POST0346,@influencer17,Image,2023-12-06,6682,148,234,220558,110557,"#fashion,#fitness,#food"
POST0347,@influencer3,Carousel,2023-07-31,1357,469,238,57446,50478,"#fashion,#fitness,#travel"
POST0348,@influencer12,Reel,2023-09-30,3235,302,10,446441,70014,"#fitness,#tech"
POST0349,@influencer10,Image,2023-02-21,6728,88,292,70149,16331,"#lifestyle,#fitness,#food"
POST0350,@influencer17,Image,2023-05-05,1136,484,35,252908,59709,"#beauty,#fitness,#food"
POST0351,@influencer14,Image,2023-07-09,1389,428,127,158837,55490,"#fashion,#beauty"
POST0352,@influencer10,Reel,2023-04-16,6424,188,225,251536,63533,#lifestyle
POST0353,@influencer10,Carousel,2023-11-15,9818,171,12,311000,221471,"#tech,#lifestyle"
POST0354,@influencer12,Image,2023-02-07,1334,448,248,234602,173552,"#tech,#beauty,#fashion"
POST0355,@influencer13,Reel,2023-12-03,2132,233,76,395136,201644,"#fitness,#fashion"
POST0356,@influencer13,Image,2023-07-06,3362,426,119,390243,90630,"#fitness,#tech,#lifestyle"
POST0357,@influencer6,Image,2023-09-04,8363,322,184,161877,48925,"#fashion,#beauty"
POST0358,@influencer5,Story,2023-11-04,3516,131,286,296581,153053,"#fashion,#travel,#beauty"
POST0359,@influencer10,Story,2023-10-03,2647,209,272,21279,10403,"#food,#fitness"
POST0360,@influencer13,Carousel,2023-08-17,9812,160,188,319639,189291,"#travel,#tech"
POST0361,@influencer14,Story,2023-12-04,2928,175,93,445980,60814,#beauty
POST0362,@influencer20,Story,2023-11-09,2796,186,0,473011,56750,"#travel,#tech"
POST0363,@influencer8,Image,2023-06-04,9636,111,231,57265,23689,"#tech,#food,#fashion"
POST0364,@influencer8,Carousel,2023-02-25,4585,346,101,488236,341541,"#fashion,#beauty,#food"
POST0365,@influencer17,Reel,2023-04-25,9765,67,103,432858,263903,"#lifestyle,#beauty,#fashion"
POST0366,@influencer2,Story,2023-04-29,7638,248,67,311901,100423,"#fitness,#travel,#tech"
POST0367,@influencer17,Reel,2023-08-16,5466,192,82,485441,156556,"#beauty,#lifestyle"
POST0368,@influencer8,Reel,2023-07-27,6613,392,136,311063,207823,"#food,#fashion,#travel"
POST0369,@influencer3,Story,2023-04-28,1196,286,9,299098,246303,#tech
POST0370,@influencer3,Image,2023-04-15,6405,475,139,126987,44585,"#travel,#beauty,#food"
POST0371,@influencer20,Reel,2023-04-26,6689,485,293,109188,53966,"#travel,#fashion"
POST0372,@influencer5,Story,2023-04-23,7379,368,90,161177,29766,"#lifestyle,#food,#fitness"
POST0373,@influencer17,Image,2023-07-22,4768,196,4,453377,254564,"#food,#tech,#fitness"
POST0374,@influencer9,Carousel,2023-08-28,7716,364,187,7866,4931,"#fitness,#lifestyle,#tech"
POST0375,@influencer9,Carousel,2023-08-11,6200,188,161,247934,47742,#fashion
POST0376,@influencer10,Story,2023-12-01,9524,26,165,48618,18506,"#travel,#beauty"
POST0377,@influencer17,Story,2023-12-03,4691,82,261,66602,18448,"#fashion,#food,#fitness"
POST0378,@influencer3,Image,2023-01-06,8084,411,216,289697,246151,"#fitness,#beauty"
POST0379,@influencer4,Reel,2023-09-06,4721,466,12,458510,199054,"#fashion,#fitness,#food"
POST0380,@influencer3,Carousel,2023-04-10,9990,420,121,116023,15944,#food
POST0381,@influencer4,Reel,2023-11-10,9443,402,238,183173,44954,"#beauty,#travel,#fashion"
POST0382,@influencer13,Story,2023-10-14,857,140,279,205462,140780,#fitness
POST0383,@influencer12,Carousel,2023-04-13,1101,129,285,342353,120460,"#food,#fitness"
POST0384,@influencer13,Carousel,2023-12-16,8169,444,121,365444,162637,#fitness
POST0385,@influencer9,Reel,2023-07-21,9527,10,111,339199,44576,"#food,#lifestyle,#beauty"
POST0386,@influencer17,Reel,2023-08-02,7801,197,149,412407,245577,#food
POST0387,@influencer1,Story,2023-04-23,9132,283,201,317402,256998,#travel
POST0388,@influencer16,Carousel,2023-01-25,1709,210,93,115966,86275,#fitness
POST0389,@influencer3,Carousel,2023-01-11,1720,409,213,353844,121609,#beauty
POST0390,@influencer11,Image,2023-08-29,5974,22,186,6881,5899,#tech
POST0391,@influencer7,Story,2023-05-10,5022,415,282,140758,44647,"#travel,#fashion,#fitness"
POST0392,@influencer11,Reel,2023-03-04,564,380,291,196444,33409,"#tech,#fashion"
POST0393,@influencer16,Story,2023-03-12,6224,184,123,235780,106969,"#beauty,#fashion,#fitness"
POST0394,@influencer5,Carousel,2023-11-07,8576,152,280,468685,176810,"#travel,#fitness"
POST0395,@influencer19,Carousel,2023-02-03,9121,378,220,396011,320320,"#tech,#lifestyle,#fashion"
POST0396,@influencer20,Carousel,2023-12-01,8439,13,287,46347,8549,#lifestyle
POST0397,@influencer4,Reel,2023-10-27,6029,141,105,444902,396290,"#lifestyle,#beauty,#food"
POST0398,@influencer19,Carousel,2023-06-30,387,326,186,252667,115507,"#tech,#fashion"
POST0399,@influencer1,Carousel,2023-12-07,3498,414,94,16984,13789,#fitness
POST0400,@influencer10,Image,2023-09-17,9423,23,295,46777,29893,#tech
POST0401,@influencer2,Reel,2023-05-24,2177,88,165,369315,264010,#beauty
POST0402,@influencer9,Story,2023-02-11,2450,425,245,496215,133912,#lifestyle
POST0403,@influencer2,Image,2023-03-30,6255,428,72,26067,3187,"#beauty,#lifestyle"
POST0404,@influencer19,Image,2023-06-13,1509,163,56,403413,168750,"#fashion,#travel,#fitness"
POST0405,@influencer10,Story,2023-11-30,7925,220,161,141319,111699,"#fitness,#travel"
POST0406,@influencer16,Reel,2023-12-22,4635,221,95,398120,306562,"#fashion,#fitness"
POST0407,@influencer4,Reel,2023-04-14,5974,466,230,39782,5329,#fitness
POST0408,@influencer15,Image,2023-06-18,6738,48,97,111244,20329,"#fashion,#beauty,#food"
POST0409,@influencer3,Reel,2023-03-24,5329,442,189,74590,56108,#fashion
POST0410,@influencer6,Carousel,2023-04-05,3961,454,218,283104,116616,#fitness
POST0411,@influencer11,Reel,2023-02-23,2675,103,19,317877,149736,"#travel,#food,#lifestyle"
POST0412,@influencer20,Story,2023-01-08,2176,116,160,314378,217173,#lifestyle
POST0413,@influencer9,Carousel,2023-09-17,342,279,101,405346,241317,#tech
POST0414,@influencer13,Story,2023-02-12,4139,204,297,22241,4146,"#tech,#fashion"
POST0415,@influencer19,Image,2023-02-08,6678,272,206,148326,22746,"#fitness,#food,#tech"
POST0416,@influencer11,Carousel,2023-08-18,8205,224,64,447210,334486,"#lifestyle,#fashion,#fitness"
POST0417,@influencer12,Story,2023-12-24,8206,55,116,223532,26096,#travel
POST0418,@influencer20,Story,2023-09-17,9390,484,6,357621,123662,"#tech,#lifestyle"
POST0419,@influencer19,Reel,2023-06-13,2481,39,285,156899,140926,"#lifestyle,#fashion"
POST0420,@influencer19,Story,2023-04-16,606,51,180,77255,35997,"#food,#lifestyle"
POST0421,@influencer18,Reel,2023-06-18,1564,395,229,27490,10184,#travel
POST0422,@influencer11,Story,2023-08-06,1383,5,70,68965,26959,#fitness
POST0423,@influencer11,Carousel,2023-02-01,5375,417,15,16618,3675,"#tech,#fashion,#travel"
POST0424,@influencer14,Story,2023-02-08,3815,34,157,301213,145025,"#beauty,#lifestyle"
POST0425,@influencer1,Carousel,2023-12-12,2746,94,236,404749,274279,"#food,#fitness"
POST0426,@influencer10,Reel,2023-08-17,9839,122,154,221486,196240,#lifestyle
POST0427,@influencer15,Story,2023-06-29,5706,377,171,95385,55282,"#travel,#tech,#fitness"
POST0428,@influencer11,Image,2023-07-29,6848,476,21,153929,117100,"#lifestyle,#food"
POST0429,@influencer16,Carousel,2023-06-16,9727,228,219,214074,128555,#food
POST0430,@influencer10,Carousel,2023-10-22,9181,275,122,162550,34845,"#fitness,#lifestyle"
POST0431,@influencer13,Reel,2023-05-27,3238,396,7,156542,39969,"#lifestyle,#fashion,#fitness"
POST0432,@influencer16,Reel,2023-07-14,3667,13,14,440014,59513,#travel
POST0433,@influencer11,Image,2023-04-20,5931,444,11,102624,20684,"#fashion,#travel"
POST0434,@influencer11,Story,2023-01-25,5749,194,140,332210,180650,"#beauty,#fashion"
POST0435,@influencer15,Reel,2023-08-20,7335,306,248,157545,20975,"#fashion,#travel"
POST0436,@influencer20,Story,2023-12-04,8658,342,65,222033,119352,"#tech,#fitness"
POST0437,@influencer11,Carousel,2023-02-04,9290,313,25,175733,152763,#fashion
POST0438,@influencer19,Story,2023-03-17,4634,224,186,219304,168006,"#travel,#lifestyle,#fashion"
POST0439,@influencer2,Carousel,2023-06-17,2739,298,125,350430,194433,"#beauty,#tech"
POST0440,@influencer12,Carousel,2023-08-02,4280,286,231,33756,30151,#fitness
POST0441,@influencer13,Carousel,2023-05-26,6074,467,224,88860,42421,"#tech,#fitness,#lifestyle"
POST0442,@influencer8,Carousel,2023-06-19,5354,54,133,34320,23879,#tech
POST0443,@influencer17,Carousel,2023-05-28,6872,96,27,159536,39277,"#beauty,#lifestyle"
POST0444,@influencer6,Reel,2023-03-16,1777,326,167,247434,59267,"#tech,#beauty,#lifestyle"
POST0445,@influencer13,Carousel,2023-07-09,2148,488,152,449844,222950,"#lifestyle,#beauty"
POST0446,@influencer19,Carousel,2023-07-30,7292,20,181,338298,103043,"#tech,#beauty"
POST0447,@influencer2,Reel,2023-02-14,7913,25,121,281319,215274,"#travel,#food,#fitness"
POST0448,@influencer18,Image,2023-03-29,4576,333,14,5515,3416,#travel
POST0449,@influencer15,Carousel,2023-11-04,3432,280,78,277017,224032,#travel
POST0450,@influencer9,Image,2023-03-08,7633,260,8,247653,75522,"#travel,#tech,#food"
POST0451,@influencer5,Story,2023-03-14,298,134,245,168639,142560,"#travel,#fitness,#food"
POST0452,@influencer5,Carousel,2023-08-11,6332,291,275,7795,1119,#tech
POST0453,@influencer10,Carousel,2023-03-11,3033,344,191,357580,102189,"#fashion,#beauty,#tech"
POST0454,@influencer12,Carousel,2023-02-04,6426,274,99,389518,46919,#lifestyle
POST0455,@influencer16,Image,2023-03-24,1677,277,190,252980,199084,"#beauty,#travel,#tech"
POST0456,@influencer18,Carousel,2023-05-14,3297,413,173,413727,117922,"#beauty,#fitness,#lifestyle"
POST0457,@influencer6,Reel,2023-03-19,7190,94,175,379804,245399,"#beauty,#fitness,#fashion"
POST0458,@influencer7,Reel,2023-04-19,4068,161,190,247887,159187,"#fashion,#fitness,#tech"
POST0459,@influencer1,Carousel,2023-08-18,9258,176,86,287152,217213,"#lifestyle,#food"
POST0460,@influencer17,Carousel,2023-02-17,6246,376,174,239941,101202,"#fashion,#fitness"
POST0461,@influencer20,Carousel,2023-12-04,9365,210,78,489933,186094,"#lifestyle,#tech"
POST0462,@influencer8,Image,2023-07-08,9571,226,240,355988,313491,"#tech,#travel"
POST0463,@influencer7,Reel,2023-07-11,9212,42,13,320783,133896,"#travel,#tech"
POST0464,@influencer20,Reel,2023-09-02,1145,295,271,404665,250486,#tech
POST0465,@influencer7,Story,2023-12-16,6568,73,147,249159,93687,#travel
POST0466,@influencer9,Carousel,2023-04-10,7609,324,213,454813,344649,#food
POST0467,@influencer1,Reel,2023-08-04,7399,264,124,335833,53196,"#tech,#beauty,#travel"
POST0468,@influencer6,Story,2023-10-17,5818,374,55,134648,55670,"#fashion,#food"
POST0469,@influencer10,Reel,2023-03-20,6901,411,181,103802,13014,"#fitness,#tech"
POST0470,@influencer7,Image,2023-03-11,4665,197,67,306549,128417,"#lifestyle,#fitness"
POST0471,@influencer15,Image,2023-10-25,7702,188,178,376909,139405,"#fashion,#food,#travel"
POST0472,@influencer19,Story,2023-11-15,3868,443,98,492997,197935,"#tech,#fashion"
POST0473,@influencer2,Reel,2023-01-31,7425,116,246,46081,15596,"#fashion,#tech"
POST0474,@influencer12,Story,2023-10-18,2016,389,197,424748,100878,#fashion
POST0475,@influencer8,Story,2023-12-02,685,196,170,430232,325126,"#fitness,#fashion,#tech"
POST0476,@influencer14,Reel,2023-07-25,8618,100,146,37769,8839,#lifestyle
POST0477,@influencer9,Image,2023-05-09,537,243,57,194637,142961,"#lifestyle,#food"
POST0478,@influencer12,Carousel,2023-10-09,7364,467,35,81396,63679,"#lifestyle,#food,#travel"
POST0479,@influencer1,Image,2023-03-28,9097,123,207,383189,184899,"#food,#tech,#fitness"
POST0480,@influencer9,Carousel,2023-03-12,7581,36,286,179673,150792,#travel
POST0481,@influencer10,Carousel,2023-03-31,4421,162,227,247580,100442,#lifestyle
POST0482,@influencer19,Image,2023-07-23,4251,212,40,355239,138543,"#tech,#beauty,#lifestyle"
POST0483,@influencer4,Story,2023-07-18,3772,219,277,53639,34974,#tech
POST0484,@influencer6,Reel,2023-12-10,4804,149,215,261228,203532,#fashion
POST0485,@influencer18,Image,2023-04-04,3101,207,148,201497,162725,"#food,#travel"
POST0486,@influencer18,Reel,2023-03-14,3185,437,156,341606,35209,"#fashion,#tech,#beauty"
POST0487,@influencer15,Image,2023-09-04,4726,350,25,280160,182981,"#beauty,#travel"
POST0488,@influencer2,Reel,2023-10-25,886,277,75,173112,60546,"#food,#beauty,#tech"
POST0489,@influencer7,Story,2023-10-29,7111,404,188,323261,134490,#beauty
POST0490,@influencer6,Image,2023-05-28,9649,303,153,369633,213332,#lifestyle
POST0491,@influencer20,Image,2023-09-10,2606,6,107,16549,5622,"#tech,#travel"
POST0492,@influencer12,Story,2023-05-29,7167,308,65,491121,433083,"#tech,#lifestyle,#travel"
POST0493,@influencer3,Carousel,2023-09-25,7589,104,77,335511,116600,#fitness
POST0494,@influencer12,Image,2023-05-03,5465,226,50,373615,178867,"#fashion,#lifestyle,#beauty"
POST0495,@influencer16,Carousel,2023-03-10,6766,147,191,170250,39566,"#fashion,#tech,#food"
POST0496,@influencer6,Reel,2023-06-03,4600,332,148,456448,250040,"#fitness,#tech"
POST0497,@influencer14,Story,2023-06-18,6765,126,144,96074,32878,"#travel,#beauty,#lifestyle"
POST0498,@influencer10,Reel,2023-08-02,7388,136,196,365466,306290,#tech
POST0499,@influencer12,Reel,2023-01-02,2667,254,138,81411,41963,"#lifestyle,#travel"
POST0500,@influencer14,Image,2023-08-30,7224,346,148,23667,8936,"#beauty,#travel,#lifestyle"
POST0501,@influencer12,Story,2023-02-13,6061,379,144,460730,319069,"#travel,#food,#lifestyle"
POST0502,@influencer1,Carousel,2023-01-18,8219,224,243,306407,237935,"#beauty,#lifestyle"
POST0503,@influencer10,Story,2023-01-25,5038,283,225,371648,52846,"#food,#travel"
POST0504,@influencer15,Reel,2023-08-17,7493,88,290,353594,198751,"#travel,#food"
POST0505,@influencer20,Reel,2023-05-19,293,190,217,352299,180835,#tech
POST0506,@influencer19,Story,2023-10-06,3481,212,139,353951,154078,#tech
POST0507,@influencer13,Carousel,2023-10-12,5478,94,103,65282,11874,"#beauty,#fitness,#tech"
POST0508,@influencer5,Story,2023-09-15,5192,395,281,450527,169707,"#fashion,#beauty,#travel"
POST0509,@influencer13,Reel,2023-11-26,2992,173,180,232693,80919,"#fitness,#fashion"
POST0510,@influencer4,Reel,2023-07-17,6254,112,25,222508,199458,#tech
POST0511,@influencer13,Carousel,2023-05-03,7411,482,188,373894,164664,"#travel,#lifestyle,#tech"
POST0512,@influencer16,Reel,2023-08-08,7788,16,243,148029,88365,"#food,#lifestyle,#travel"
POST0513,@influencer13,Image,2023-02-27,2737,79,41,242989,77866,#tech
POST0514,@influencer11,Reel,2023-05-23,6921,403,260,341092,139772,"#fitness,#beauty,#lifestyle"
POST0515,@influencer8,Image,2023-10-08,4410,464,97,358699,216330,#fitness
POST0516,@influencer2,Reel,2023-09-17,7522,433,206,294819,83335,#food
POST0517,@influencer16,Carousel,2023-12-13,5051,423,173,288817,184620,"#fashion,#beauty"
POST0518,@influencer4,Carousel,2023-08-03,9189,53,231,382078,281941,"#fitness,#food,#beauty"
POST0519,@influencer17,Image,2023-03-21,5680,403,26,438603,373295,"#beauty,#fitness"
POST0520,@influencer18,Reel,2023-08-30,5855,309,75,153790,19121,"#tech,#fitness,#travel"
POST0521,@influencer16,Reel,2023-05-25,3157,41,44,217369,52285,"#travel,#fashion,#lifestyle"
POST0522,@influencer2,Story,2023-11-21,4250,270,41,34992,8514,#fitness
POST0523,@influencer19,Reel,2023-07-12,6847,373,230,204757,50665,#travel
POST0524,@influencer20,Reel,2023-10-23,7438,67,146,237931,130754,#food
POST0525,@influencer12,Story,2023-04-05,361,317,70,9025,4421,"#travel,#fitness,#beauty"
POST0526,@influencer5,Image,2023-10-04,5824,23,192,445556,64148,#fashion
POST0527,@influencer6,Reel,2023-02-24,6199,440,171,232436,184959,"#fashion,#beauty,#food"
POST0528,@influencer9,Reel,2023-11-18,6454,395,117,308806,181626,"#beauty,#fashion,#lifestyle"
POST0529,@influencer4,Carousel,2023-01-17,5685,377,245,56962,16483,"#tech,#travel,#fitness"
POST0530,@influencer12,Image,2023-08-04,2092,200,151,107413,36127,"#tech,#beauty"
POST0531,@influencer11,Carousel,2023-10-06,8500,133,287,195715,57093,#food
POST0532,@influencer20,Reel,2023-08-01,6884,14,46,486658,52203,"#fitness,#travel"
POST0533,@influencer18,Carousel,2023-06-16,1088,86,71,425661,357836,"#travel,#fitness"
POST0534,@influencer9,Carousel,2023-07-20,7467,259,178,40362,21806,"#beauty,#fashion"
POST0535,@influencer12,Story,2023-08-23,2865,154,158,163998,32082,#fashion
POST0536,@influencer12,Story,2023-05-13,5839,182,297,96493,68614,"#fitness,#food,#beauty"
POST0537,@influencer17,Image,2023-11-23,417,301,251,138114,23598,"#travel,#food,#fitness"
POST0538,@influencer19,Story,2023-02-13,1201,330,177,147692,69158,"#beauty,#fitness,#food"
POST0539,@influencer12,Reel,2023-06-25,4852,11,268,10495,8418,"#beauty,#tech"
POST0540,@influencer10,Reel,2023-08-07,3657,8,151,333634,145022,#food
POST0541,@influencer13,Image,2023-10-29,945,145,154,330893,215010,#food
POST0542,@influencer20,Story,2023-11-04,2681,371,106,449854,355280,"#fashion,#fitness"
POST0543,@influencer9,Reel,2023-06-30,8784,272,12,260095,121300,#food
POST0544,@influencer11,Story,2023-11-23,2264,188,115,310313,141410,"#lifestyle,#fitness,#food"
POST0545,@influencer20,Reel,2023-08-14,6165,468,198,448942,378097,"#fitness,#lifestyle,#food"
POST0546,@influencer2,Image,2023-08-02,1975,93,251,265464,203732,#travel
POST0547,@influencer5,Carousel,2023-10-01,5385,378,292,340325,169941,"#beauty,#fitness"
POST0548,@influencer1,Image,2023-11-06,7625,167,97,229923,119412,#fashion
POST0549,@influencer13,Image,2023-10-07,4033,318,127,70030,14603,#food
POST0550,@influencer15,Image,2023-06-03,450,151,63,324836,255504,"#beauty,#fashion"
POST0551,@influencer11,Reel,2023-12-24,5422,415,20,258478,227344,"#fitness,#lifestyle"
POST0552,@influencer1,Carousel,2023-04-09,3583,107,280,372658,168182,"#fitness,#tech,#food"
POST0553,@influencer10,Reel,2023-09-22,1311,234,188,446758,273804,"#food,#lifestyle"
POST0554,@influencer14,Story,2023-07-08,3152,350,229,203910,64132,#fashion
POST0555,@influencer20,Carousel,2023-12-17,624,380,207,327870,162355,"#lifestyle,#fitness"
POST0556,@influencer6,Story,2023-08-05,4651,268,96,148988,94954,"#fitness,#tech"
POST0557,@influencer18,Reel,2023-04-03,8275,269,270,315877,222793,#travel
POST0558,@influencer7,Carousel,2023-08-20,947,106,165,410662,310294,#beauty
POST0559,@influencer13,Story,2023-01-29,1940,431,219,196303,136106,#beauty
POST0560,@influencer14,Story,2023-01-25,3070,133,86,224977,114798,#lifestyle
POST0561,@influencer6,Reel,2023-03-07,9117,86,86,489353,70942,#fashion
POST0562,@influencer1,Reel,2023-04-26,3649,109,258,271285,195232,"#travel,#tech"
POST0563,@influencer10,Carousel,2023-01-24,6783,488,15,254402,156900,"#beauty,#food"
POST0564,@influencer19,Image,2023-10-26,6056,487,74,59225,52541,#fitness
POST0565,@influencer7,Reel,2023-01-26,2308,361,175,299478,79211,"#travel,#beauty,#fitness"
POST0566,@influencer13,Reel,2023-07-07,6299,39,111,307877,53698,#beauty
POST0567,@influencer19,Story,2023-08-04,718,113,180,264427,61738,#beauty
POST0568,@influencer4,Image,2023-10-27,1682,43,284,288445,68580,#lifestyle
POST0569,@influencer5,Story,2023-09-01,4371,242,58,455400,404614,"#beauty,#fitness,#tech"
POST0570,@influencer19,Carousel,2023-08-17,7923,392,139,447908,198922,"#lifestyle,#tech,#fashion"
POST0571,@influencer10,Carousel,2023-12-03,8653,141,99,326169,102546,#food
POST0572,@influencer6,Image,2023-06-19,4032,264,81,444025,96298,"#fitness,#food,#fashion"
POST0573,@influencer10,Image,2023-04-12,9744,366,209,36673,11577,"#tech,#fashion"
POST0574,@influencer1,Image,2023-02-21,3976,12,299,12265,9028,"#travel,#food"
POST0575,@influencer3,Story,2023-04-24,2351,33,130,91489,36838,"#lifestyle,#food"
POST0576,@influencer4,Reel,2023-06-28,1264,235,299,171562,129817,#tech
POST0577,@influencer15,Story,2023-12-18,5173,337,109,444876,203179,"#lifestyle,#food"
POST0578,@influencer6,Story,2023-02-24,4006,401,2,203681,123826,#lifestyle
POST0579,@influencer12,Reel,2023-01-11,7229,150,84,269291,47084,"#fitness,#lifestyle"
POST0580,@influencer11,Carousel,2023-01-30,9579,102,114,86171,58070,"#fitness,#fashion,#food"
POST0581,@influencer19,Image,2023-06-19,7967,173,288,291674,234034,#travel
POST0582,@influencer5,Reel,2023-10-09,3122,273,160,436722,200223,"#fitness,#travel,#food"
POST0583,@influencer13,Carousel,2023-06-03,852,426,133,163253,134449,"#tech,#beauty"
POST0584,@influencer6,Story,2023-05-30,4969,30,139,325610,198514,"#tech,#travel,#food"
POST0585,@influencer10,Reel,2023-07-02,350,13,78,171963,73095,#fitness
POST0586,@influencer3,Carousel,2023-04-30,7710,330,246,20791,12576,"#tech,#lifestyle,#beauty"
POST0587,@influencer11,Reel,2023-04-04,1064,133,90,467427,276529,"#lifestyle,#travel"
POST0588,@influencer16,Image,2023-01-24,3270,410,138,145790,107947,#beauty
POST0589,@influencer11,Image,2023-11-26,5891,68,242,30345,9561,"#food,#beauty"
POST0590,@influencer14,Image,2023-10-08,1560,327,293,340446,70547,#food
POST0591,@influencer12,Image,2023-01-28,1140,131,167,171393,145546,"#tech,#travel,#lifestyle"
POST0592,@influencer5,Carousel,2023-12-13,5157,220,160,453934,279677,#fashion
POST0593,@influencer2,Image,2023-04-15,2886,6,100,115100,42971,#tech
POST0594,@influencer20,Story,2023-01-25,3557,125,25,267597,96001,"#fashion,#beauty,#food"
POST0595,@influencer12,Image,2023-11-09,2518,295,93,101516,57655,"#lifestyle,#fashion,#tech"
POST0596,@influencer5,Image,2023-04-14,1881,165,199,40031,21517,"#travel,#tech"
POST0597,@influencer14,Image,2023-09-11,827,372,171,370543,250486,"#lifestyle,#fitness"
POST0598,@influencer4,Reel,2023-11-15,7592,218,207,164912,117173,"#travel,#beauty"
POST0599,@influencer16,Carousel,2023-01-29,8724,293,152,94876,80543,#lifestyle
POST0600,@influencer19,Reel,2023-12-25,5659,81,150,478533,372024,"#travel,#lifestyle,#beauty"
POST0601,@influencer17,Carousel,2023-08-07,9286,124,100,228777,84015,"#food,#fitness"
POST0602,@influencer17,Image,2023-01-07,9587,231,15,334127,55334,"#food,#tech,#lifestyle"
POST0603,@influencer9,Story,2023-10-10,9381,141,91,402748,47089,"#fashion,#lifestyle,#beauty"
POST0604,@influencer6,Reel,2023-08-14,8528,30,120,332565,215056,"#food,#lifestyle,#fitness"
POST0605,@influencer17,Story,2023-08-20,3613,28,108,109126,96160,#lifestyle
POST0606,@influencer9,Image,2023-08-15,4515,332,181,273137,142701,"#fashion,#fitness"
POST0607,@influencer17,Image,2023-04-10,5185,91,14,34086,21595,#fitness
POST0608,@influencer2,Image,2023-09-28,8505,310,165,320158,249586,"#beauty,#tech,#fitness"
POST0609,@influencer5,Story,2023-02-19,4081,122,201,398186,356321,"#fashion,#beauty,#fitness"
POST0610,@influencer14,Image,2023-03-16,394,285,20,103185,70027,"#travel,#fitness,#fashion"
POST0611,@influencer13,Reel,2023-09-17,9137,460,8,37376,33236,#lifestyle
POST0612,@influencer17,Carousel,2023-04-05,1641,218,205,310218,250013,#food
POST0613,@influencer14,Image,2023-06-07,5172,420,261,474847,312423,"#food,#tech"
POST0614,@influencer8,Image,2023-07-18,7737,238,162,293883,252235,"#fitness,#travel,#beauty"
POST0615,@influencer13,Reel,2023-04-10,6504,485,285,232655,91489,"#food,#tech,#travel"
POST0616,@influencer8,Image,2023-07-09,2623,466,52,151161,130712,"#beauty,#tech"
POST0617,@influencer5,Carousel,2023-12-30,6135,87,239,126211,78323,"#fitness,#food,#travel"
POST0618,@influencer9,Image,2023-04-25,309,45,172,250993,27218,"#fashion,#tech"
POST0619,@influencer16,Carousel,2023-04-14,5293,195,146,330374,275558,"#travel,#beauty,#fashion"
POST0620,@influencer3,Reel,2023-04-15,5678,436,257,314963,278785,"#fitness,#tech,#fashion"
POST0621,@influencer9,Carousel,2023-09-15,324,206,225,283763,176552,#beauty
POST0622,@influencer8,Reel,2023-06-04,6500,239,288,456069,253141,#travel
POST0623,@influencer3,Story,2023-07-18,7730,441,83,416377,335183,"#travel,#fitness"
POST0624,@influencer16,Image,2023-10-22,2822,53,37,227343,103327,"#tech,#beauty,#fitness"
POST0625,@influencer15,Story,2023-11-04,9689,468,220,249744,93341,#food
POST0626,@influencer10,Story,2023-09-05,4310,125,140,414664,66917,"#lifestyle,#travel,#food"
POST0627,@influencer11,Image,2023-06-26,1569,122,163,172462,75401,"#beauty,#travel"
POST0628,@influencer3,Reel,2023-06-29,5634,362,234,433886,188378,"#lifestyle,#fashion,#fitness"
POST0629,@influencer7,Image,2023-01-07,5214,59,230,32197,28163,#tech
POST0630,@influencer4,Reel,2023-06-01,7695,149,129,338964,204577,"#fitness,#fashion"
POST0631,@influencer15,Reel,2023-10-03,1836,27,223,426743,273956,#food
POST0632,@influencer11,Story,2023-05-21,767,303,98,396214,185306,"#fashion,#food"
POST0633,@influencer18,Story,2023-02-21,2750,293,297,348243,112243,"#lifestyle,#beauty"
POST0634,@influencer18,Image,2023-01-16,5364,212,18,23807,8648,"#travel,#food"
POST0635,@influencer12,Image,2023-11-28,4698,405,78,263632,91956,#fitness
POST0636,@influencer3,Story,2023-08-18,8283,186,248,186565,127629,#beauty
POST0637,@influencer10,Image,2023-05-01,9135,96,69,52098,32961,"#food,#beauty,#tech"
POST0638,@influencer8,Carousel,2023-10-03,2838,338,38,358572,190529,"#lifestyle,#beauty,#food"
POST0639,@influencer7,Story,2023-04-23,3161,322,22,164277,95360,"#lifestyle,#food"
POST0640,@influencer2,Reel,2023-02-13,4323,368,157,262808,225636,"#tech,#fitness,#travel"
POST0641,@influencer17,Image,2023-07-10,5891,398,266,257773,190020,#travel
POST0642,@influencer8,Story,2023-07-23,4747,279,81,212028,126805,"#beauty,#fitness,#travel"
POST0643,@influencer17,Reel,2023-08-25,977,315,128,17336,15131,#travel
POST0644,@influencer7,Reel,2023-10-07,6254,333,11,324522,242126,#food
POST0645,@influencer16,Reel,2023-10-17,9770,335,158,266084,76185,#food
POST0646,@influencer4,Carousel,2023-01-29,8997,20,76,159404,143280,"#travel,#food,#fashion"
POST0647,@influencer11,Image,2023-03-02,7805,75,102,205658,130685,#fitness
POST0648,@influencer17,Reel,2023-06-14,9888,96,285,326990,288866,#tech
POST0649,@influencer11,Reel,2023-11-29,8228,56,194,89433,10796,"#lifestyle,#fashion,#tech"
POST0650,@influencer17,Story,2023-06-02,8805,346,259,498219,376154,#food
POST0651,@influencer7,Image,2023-06-10,1179,232,148,169909,113064,#lifestyle
POST0652,@influencer15,Story,2023-05-04,3373,470,149,114101,42417,#tech
POST0653,@influencer14,Image,2023-11-19,4946,119,93,292714,93039,"#fashion,#beauty"
POST0654,@influencer8,Reel,2023-12-07,156,347,202,403968,193814,"#fashion,#fitness"
POST0655,@influencer13,Reel,2023-05-14,4516,394,21,288496,74932,#beauty
POST0656,@influencer6,Story,2023-08-15,9421,197,35,326465,243629,"#beauty,#fitness,#lifestyle"
POST0657,@influencer4,Image,2023-10-14,6020,145,145,475440,290731,#tech
POST0658,@influencer15,Carousel,2023-10-26,1179,323,202,332438,103210,"#food,#lifestyle"
POST0659,@influencer18,Story,2023-04-15,8891,6,83,243634,73322,"#food,#lifestyle"
POST0660,@influencer1,Carousel,2023-08-01,7840,475,148,328671,52020,"#travel,#beauty"
POST0661,@influencer14,Image,2023-07-22,8315,448,207,377428,114194,"#lifestyle,#food"
POST0662,@influencer3,Carousel,2023-01-29,7432,341,185,18877,7515,#fitness
POST0663,@influencer14,Image,2023-02-11,4033,420,287,492849,341399,"#travel,#lifestyle,#food"
POST0664,@influencer7,Carousel,2023-11-04,2238,397,21,283637,213967,#tech
POST0665,@influencer9,Reel,2023-05-30,245,208,298,24622,10638,"#fashion,#food,#lifestyle"
POST0666,@influencer19,Story,2023-06-14,3296,341,191,231009,168467,#tech
POST0667,@influencer18,Carousel,2023-07-21,9819,136,36,237067,158133,#fitness
POST0668,@influencer1,Story,2023-07-20,2687,39,124,298257,267134,#fashion
POST0669,@influencer9,Carousel,2023-03-12,4763,411,235,188258,144862,"#lifestyle,#travel,#beauty"
POST0670,@influencer19,Image,2023-03-11,8072,291,168,368581,303933,"#fitness,#tech"
POST0671,@influencer16,Reel,2023-01-28,4641,212,203,98135,73152,"#fitness,#food"
POST0672,@influencer10,Carousel,2023-09-14,3978,281,64,31382,11069,#beauty
POST0673,@influencer1,Story,2023-08-19,9581,186,64,459988,162619,"#fashion,#tech,#lifestyle"
POST0674,@influencer2,Reel,2023-05-19,5187,103,122,303303,224369,"#food,#tech,#travel"
POST0675,@influencer5,Story,2023-01-30,2036,463,19,181687,87521,#travel
POST0676,@influencer3,Reel,2023-08-03,3631,462,289,111538,79881,"#fitness,#travel"
POST0677,@influencer10,Image,2023-07-23,683,436,14,224188,80383,"#fitness,#lifestyle"
POST0678,@influencer11,Reel,2023-10-26,3447,408,276,190169,44415,"#food,#beauty"
POST0679,@influencer10,Carousel,2023-03-09,7712,449,195,323041,143926,"#food,#fashion,#lifestyle"
POST0680,@influencer11,Image,2023-06-02,1198,132,198,36385,10221,#beauty
POST0681,@influencer13,Reel,2023-11-18,2291,77,155,260564,130922,#tech
POST0682,@influencer16,Story,2023-08-18,3267,442,167,322817,100870,#tech
POST0683,@influencer10,Carousel,2023-11-27,2417,42,44,282392,61990,"#food,#fashion"
POST0684,@influencer20,Carousel,2023-09-27,2565,437,30,293569,56459,"#lifestyle,#food"
POST0685,@influencer8,Image,2023-05-16,8514,7,235,439174,169086,#lifestyle
POST0686,@influencer12,Reel,2023-05-19,9591,295,52,360437,85858,"#fashion,#fitness,#travel"
POST0687,@influencer20,Image,2023-11-20,6894,209,72,156043,96641,#food
POST0688,@influencer19,Image,2023-07-30,7124,81,76,300156,121918,"#travel,#lifestyle"
POST0689,@influencer16,Image,2023-05-23,2499,37,151,127013,27639,"#beauty,#tech"
POST0690,@influencer20,Carousel,2023-05-05,5487,88,15,135381,72105,#food
POST0691,@influencer1,Story,2023-11-28,5746,342,254,335331,67459,"#food,#lifestyle"
POST0692,@influencer15,Image,2023-08-22,8849,68,229,218933,94288,"#lifestyle,#fitness"
POST0693,@influencer20,Story,2023-03-29,9628,343,65,112157,59363,#beauty
POST0694,@influencer8,Image,2023-09-03,5395,497,115,344260,100720,"#beauty,#fitness"
POST0695,@influencer18,Carousel,2023-01-10,4244,491,110,67784,8882,"#fashion,#tech,#food"
POST0696,@influencer15,Carousel,2023-04-21,3016,379,75,483365,128858,"#beauty,#food,#tech"
POST0697,@influencer16,Reel,2023-01-13,6038,324,51,75864,41008,#lifestyle
POST0698,@influencer15,Carousel,2023-10-27,1745,200,151,33067,3555,#beauty
POST0699,@influencer12,Carousel,2023-05-20,8693,98,228,215494,135955,#beauty
POST0700,@influencer3,Image,2023-12-18,4884,18,256,99488,45571,#fashion
POST0701,@influencer18,Image,2023-10-16,1509,18,256,200929,166501,"#lifestyle,#fitness,#travel"
POST0702,@influencer15,Carousel,2023-03-13,1406,78,214,251256,27820,"#lifestyle,#travel,#fitness"
POST0703,@influencer4,Image,2023-03-04,2884,373,102,168030,51458,"#fitness,#lifestyle,#travel"
POST0704,@influencer13,Image,2023-01-11,6430,218,14,56977,9608,#tech
POST0705,@influencer10,Carousel,2023-08-17,1889,481,209,241974,70004,#fitness
POST0706,@influencer20,Carousel,2023-01-31,9450,62,104,405905,326830,"#fitness,#fashion,#lifestyle"
POST0707,@influencer11,Carousel,2023-08-01,6039,105,55,11475,8531,#tech
POST0708,@influencer13,Reel,2023-06-17,6031,474,217,268389,191233,"#food,#tech"
POST0709,@influencer18,Story,2023-03-13,7081,34,287,322525,222810,#travel
POST0710,@influencer3,Reel,2023-10-04,279,294,162,131839,107179,"#fashion,#tech"
POST0711,@influencer2,Image,2023-03-20,6902,111,270,404749,142288,#lifestyle
POST0712,@influencer19,Reel,2023-05-03,3480,188,186,10829,7634,"#fashion,#fitness"
POST0713,@influencer19,Image,2023-01-26,3856,160,237,228607,106274,"#fashion,#travel"
POST0714,@influencer4,Story,2023-11-19,3282,262,88,453944,137914,"#food,#lifestyle,#tech"
POST0715,@influencer16,Carousel,2023-07-15,8086,275,7,325037,278831,"#food,#tech,#travel"
POST0716,@influencer5,Carousel,2023-08-11,5418,215,286,199227,146577,"#fashion,#tech"
POST0717,@influencer5,Reel,2023-09-30,1086,51,248,29142,8619,"#lifestyle,#travel,#fitness"
POST0718,@influencer10,Image,2023-04-23,9361,278,42,146519,23225,"#beauty,#tech,#lifestyle"
POST0719,@influencer3,Story,2023-09-27,8733,221,1,399775,289294,"#lifestyle,#beauty,#tech"
POST0720,@influencer7,Carousel,2023-07-26,1188,380,3,14372,6498,"#fitness,#food,#beauty"
POST0721,@influencer17,Image,2023-02-25,2770,222,239,220572,100489,"#lifestyle,#beauty,#food"
POST0722,@influencer5,Carousel,2023-12-13,9173,466,127,67894,55436,"#fitness,#travel"
POST0723,@influencer17,Story,2023-03-01,356,69,238,430760,239610,"#fashion,#tech"
POST0724,@influencer9,Story,2023-02-26,7700,52,55,249288,92938,"#food,#travel"
POST0725,@influencer3,Reel,2023-05-27,2560,438,1,459472,93378,"#travel,#lifestyle"
POST0726,@influencer11,Reel,2023-02-19,1076,182,292,299957,136024,#fitness
POST0727,@influencer2,Reel,2023-03-29,812,218,203,453400,265763,#fitness
POST0728,@influencer12,Story,2023-02-01,5379,493,236,410218,211177,"#tech,#fitness"
POST0729,@influencer11,Image,2023-10-19,1945,123,16,17780,3601,"#fashion,#lifestyle,#food"
POST0730,@influencer5,Story,2023-04-23,7814,136,227,336922,299167,#food
POST0731,@influencer4,Carousel,2023-11-18,8180,172,165,412124,203835,#fitness
POST0732,@influencer8,Carousel,2023-05-06,9485,209,194,418341,176635,"#food,#beauty,#fashion"
POST0733,@influencer18,Reel,2023-03-28,4965,182,241,438354,143038,"#tech,#lifestyle"
POST0734,@influencer15,Story,2023-04-17,8755,279,122,307553,199546,#beauty
POST0735,@influencer5,Carousel,2023-02-28,9479,263,215,245822,38580,"#lifestyle,#travel,#fitness"
POST0736,@influencer19,Reel,2023-02-21,9653,175,66,201604,51285,"#travel,#tech"
POST0737,@influencer19,Reel,2023-09-17,6863,455,73,168502,136536,"#beauty,#lifestyle,#tech"
POST0738,@influencer12,Reel,2023-05-11,7334,297,284,316896,102573,#travel
POST0739,@influencer18,Carousel,2023-06-25,4582,475,232,175646,41201,#lifestyle
POST0740,@influencer6,Image,2023-09-24,2688,499,246,420547,373019,#lifestyle
POST0741,@influencer14,Image,2023-05-24,4528,490,54,147181,96924,#travel
POST0742,@influencer13,Image,2023-05-18,8763,78,40,399718,42532,"#beauty,#tech,#travel"
POST0743,@influencer13,Image,2023-08-13,3141,485,247,494028,427958,#lifestyle
POST0744,@influencer18,Image,2023-11-08,6552,267,96,425804,337945,#beauty
POST0745,@influencer5,Story,2023-05-02,8061,389,259,329646,119184,"#fashion,#travel"
POST0746,@influencer18,Story,2023-10-14,1623,46,11,304840,222405,"#tech,#lifestyle,#beauty"
POST0747,@influencer16,Image,2023-08-30,992,391,225,212328,67782,#tech
POST0748,@influencer11,Reel,2023-03-26,4362,388,71,489137,374000,#tech
POST0749,@influencer10,Reel,2023-08-09,2473,21,88,101741,86831,"#food,#tech,#fitness"
POST0750,@influencer5,Reel,2023-05-01,4368,8,127,249697,189077,"#fashion,#tech"
POST0751,@influencer12,Carousel,2023-12-10,8107,36,56,369709,253813,"#lifestyle,#fitness"
POST0752,@influencer10,Image,2023-07-11,3873,72,124,294194,245156,#fashion
POST0753,@influencer17,Image,2023-10-28,9323,212,124,55298,32442,"#tech,#lifestyle"
POST0754,@influencer18,Reel,2023-12-05,1561,449,135,267530,76259,"#food,#tech"
POST0755,@influencer1,Carousel,2023-05-26,1052,235,271,371590,222893,"#food,#fashion"
POST0756,@influencer6,Story,2023-11-04,6784,148,75,153112,128770,"#fashion,#travel,#lifestyle"
POST0757,@influencer3,Reel,2023-08-02,9877,444,209,239417,45522,"#tech,#travel,#fashion"
POST0758,@influencer3,Reel,2023-05-22,3194,491,93,158329,94783,"#lifestyle,#beauty,#food"
POST0759,@influencer9,Story,2023-07-02,7907,233,85,247431,151466,"#beauty,#travel"
POST0760,@influencer18,Reel,2023-05-03,1968,140,58,334408,234971,#food
POST0761,@influencer5,Reel,2023-03-22,4737,77,261,361440,45236,#tech
POST0762,@influencer13,Carousel,2023-04-20,3371,431,209,227071,115825,"#fashion,#travel"
POST0763,@influencer8,Carousel,2023-03-08,2887,167,14,12399,8576,"#food,#tech"
POST0764,@influencer6,Image,2023-11-26,5951,381,146,107658,61837,"#food,#fashion,#tech"
POST0765,@influencer16,Image,2023-03-25,1200,165,4,253292,32126,"#fitness,#fashion,#beauty"
POST0766,@influencer4,Story,2023-07-30,3180,57,76,232021,104348,"#fitness,#lifestyle"
POST0767,@influencer2,Reel,2023-07-08,4016,439,123,205722,49769,"#tech,#food"
POST0768,@influencer11,Image,2023-09-21,6055,335,136,355041,132521,"#food,#fitness,#travel"
POST0769,@influencer8,Story,2023-01-24,1179,478,222,365055,325552,"#travel,#tech"
POST0770,@influencer10,Reel,2023-09-06,3759,141,163,66160,53685,"#travel,#lifestyle"
POST0771,@influencer18,Story,2023-12-04,691,19,175,310607,174479,"#lifestyle,#fashion,#tech"
POST0772,@influencer19,Reel,2023-09-26,8594,91,28,34717,10385,#beauty
POST0773,@influencer14,Carousel,2023-06-22,4333,70,197,275151,90975,"#beauty,#fitness,#food"
POST0774,@influencer1,Carousel,2023-02-02,4455,238,2,492258,335574,"#beauty,#fashion,#travel"
POST0775,@influencer1,Image,2023-01-24,2893,337,174,291539,118068,"#beauty,#fitness,#travel"
POST0776,@influencer7,Reel,2023-11-12,9717,229,216,262591,102412,"#tech,#lifestyle,#beauty"
POST0777,@influencer11,Carousel,2023-01-18,6132,230,166,250318,170732,#fashion
POST0778,@influencer12,Reel,2023-11-20,8316,436,159,159195,68576,"#food,#fashion"
POST0779,@influencer17,Story,2023-07-25,3788,322,290,239745,163984,"#tech,#fitness,#food"
POST0780,@influencer13,Image,2023-06-18,3137,302,232,359182,262995,"#food,#fitness,#lifestyle"
POST0781,@influencer8,Reel,2023-04-17,989,227,79,480881,51627,#fitness
POST0782,@influencer4,Carousel,2023-05-15,5483,68,134,172207,140117,"#fitness,#travel"
POST0783,@influencer20,Story,2023-06-15,5245,399,16,50783,41147,"#fashion,#fitness,#lifestyle"
POST0784,@influencer18,Carousel,2023-04-11,5075,322,240,134000,42905,"#fashion,#fitness,#tech"
POST0785,@influencer6,Reel,2023-01-21,3991,167,96,341178,247473,"#tech,#fashion,#lifestyle"
POST0786,@influencer16,Reel,2023-08-03,6847,307,234,303021,207858,"#fashion,#travel,#beauty"
POST0787,@influencer13,Carousel,2023-12-15,9796,331,50,103384,31897,#food
POST0788,@influencer14,Image,2023-07-16,1594,113,78,251661,114778,"#travel,#food,#fashion"
POST0789,@influencer16,Image,2023-05-31,2387,270,181,65520,17534,#lifestyle
POST0790,@influencer19,Reel,2023-09-15,2823,151,153,471382,308584,"#fitness,#beauty"
POST0791,@influencer11,Story,2023-07-09,6954,488,220,67999,13816,#travel
POST0792,@influencer19,Story,2023-10-20,7230,226,114,262972,60302,"#lifestyle,#tech,#food"
POST0793,@influencer9,Story,2023-03-18,7730,442,126,58444,15710,"#beauty,#tech,#lifestyle"
POST0794,@influencer3,Reel,2023-09-21,1218,45,148,374355,219696,"#lifestyle,#beauty"
POST0795,@influencer18,Image,2023-06-02,1997,143,220,390296,327090,#beauty
POST0796,@influencer2,Reel,2023-03-19,4967,245,140,81515,22578,"#travel,#beauty"
POST0797,@influencer10,Carousel,2023-05-11,4611,152,28,334064,94896,"#travel,#lifestyle"
POST0798,@influencer7,Story,2023-12-30,6709,247,248,118884,95051,#fitness
POST0799,@influencer10,Carousel,2023-01-12,7924,453,191,87681,11642,"#tech,#lifestyle,#beauty"
POST0800,@influencer3,Reel,2023-03-17,1625,253,82,61344,40775,"#tech,#fashion,#travel"
POST0801,@influencer8,Image,2023-05-13,4281,480,294,266910,52875,"#tech,#fashion"
POST0802,@influencer7,Reel,2023-01-16,244,344,249,148190,66458,"#beauty,#food"
POST0803,@influencer9,Story,2023-07-05,4037,384,265,472726,399368,#tech
POST0804,@influencer4,Reel,2023-10-19,6038,101,94,155853,22074,"#travel,#lifestyle"
POST0805,@influencer11,Image,2023-09-16,1943,78,124,283203,128178,#tech
POST0806,@influencer8,Carousel,2023-11-20,9983,459,114,255168,126528,"#fitness,#travel"
POST0807,@influencer11,Story,2023-04-20,377,328,18,299977,205448,"#beauty,#food,#lifestyle"
POST0808,@influencer11,Carousel,2023-04-15,4519,285,122,97889,75483,"#travel,#tech,#beauty"
POST0809,@influencer5,Image,2023-12-08,8424,447,252,316560,206638,"#food,#travel,#fitness"
POST0810,@influencer10,Story,2023-11-14,9428,393,190,60162,50346,"#food,#tech,#fashion"
POST0811,@influencer4,Image,2023-05-03,3731,292,178,425531,212611,"#lifestyle,#fitness"
POST0812,@influencer19,Story,2023-04-05,5812,179,221,133614,15446,"#fashion,#food,#beauty"
POST0813,@influencer4,Image,2023-10-01,4477,364,118,139011,115070,#fashion
POST0814,@influencer11,Carousel,2023-04-03,9709,316,267,426280,221168,#travel
POST0815,@influencer6,Reel,2023-11-02,8072,214,217,482936,183800,#food
POST0816,@influencer5,Reel,2023-07-21,840,350,0,283846,134563,"#travel,#lifestyle,#tech"
POST0817,@influencer20,Story,2023-04-22,2870,382,238,283795,193344,#tech
POST0818,@influencer15,Reel,2023-08-15,6780,238,58,305282,216495,"#fashion,#lifestyle,#fitness"
POST0819,@influencer5,Story,2023-03-27,7029,231,80,291705,187237,"#fashion,#food"
POST0820,@influencer5,Carousel,2023-10-18,1815,475,221,219801,57893,#travel
POST0821,@influencer12,Image,2023-04-18,8502,451,73,66606,38887,#tech
POST0822,@influencer10,Reel,2023-11-25,7111,180,210,350271,153403,#lifestyle
POST0823,@influencer16,Carousel,2023-08-19,2793,118,138,25092,11367,"#tech,#lifestyle"
POST0824,@influencer20,Story,2023-06-13,4287,92,68,5036,3611,"#food,#lifestyle"
POST0825,@influencer7,Story,2023-05-17,6433,132,46,278412,36823,"#fashion,#fitness"
POST0826,@influencer3,Carousel,2023-06-19,3997,150,121,215171,72929,"#beauty,#lifestyle,#tech"
POST0827,@influencer20,Carousel,2023-10-07,171,13,93,485628,369197,#lifestyle
POST0828,@influencer10,Story,2023-07-08,4706,264,71,296799,145163,"#lifestyle,#food"
POST0829,@influencer16,Carousel,2023-08-06,6616,421,30,197879,148197,"#fitness,#tech,#travel"
POST0830,@influencer9,Story,2023-09-13,7348,272,127,24346,7925,#lifestyle
POST0831,@influencer16,Image,2023-03-21,6377,425,212,245515,174533,"#beauty,#tech"
POST0832,@influencer19,Reel,2023-08-09,3138,290,184,65110,34541,"#fitness,#beauty"
POST0833,@influencer3,Carousel,2023-03-13,2677,81,44,420191,264856,#fashion
POST0834,@influencer12,Carousel,2023-08-26,3306,369,279,34714,24195,"#beauty,#lifestyle,#tech"
POST0835,@influencer16,Carousel,2023-11-21,5656,442,169,56574,32058,"#lifestyle,#fitness"
POST0836,@influencer18,Carousel,2023-02-07,5415,247,299,231094,165909,"#fitness,#tech,#beauty"
POST0837,@influencer9,Carousel,2023-08-12,7976,472,141,119427,33732,"#beauty,#fitness,#lifestyle"
POST0838,@influencer5,Reel,2023-06-09,6451,261,204,467590,313380,#fashion
POST0839,@influencer20,Carousel,2023-07-26,3489,287,244,294324,183428,#travel
POST0840,@influencer14,Image,2023-06-25,9969,453,79,103385,66043,#fashion
POST0841,@influencer3,Image,2023-04-07,7744,219,172,433583,137145,"#food,#lifestyle,#fitness"
POST0842,@influencer15,Image,2023-04-25,9705,315,299,333721,48255,#lifestyle
POST0843,@influencer7,Carousel,2023-01-29,176,13,23,26518,9366,"#lifestyle,#travel,#fashion"
POST0844,@influencer12,Image,2023-03-02,7243,469,244,441700,350701,#tech
POST0845,@influencer7,Reel,2023-09-16,4175,311,94,471383,413772,#tech
POST0846,@influencer17,Reel,2023-02-20,4846,444,169,245678,87327,#tech
POST0847,@influencer13,Carousel,2023-11-28,673,123,36,67085,12493,"#fashion,#beauty"
POST0848,@influencer8,Reel,2023-05-23,6150,437,42,275628,146928,"#tech,#travel,#fashion"
POST0849,@influencer1,Image,2023-07-16,6729,290,87,425586,245080,"#fashion,#beauty"
POST0850,@influencer13,Carousel,2023-02-18,7544,275,13,146609,94363,"#lifestyle,#tech,#fitness"
POST0851,@influencer20,Carousel,2023-06-30,5788,124,42,181774,29692,#tech
POST0852,@influencer4,Carousel,2023-01-02,6225,199,241,166940,52487,#tech
POST0853,@influencer19,Carousel,2023-11-25,2759,260,48,332568,158388,"#lifestyle,#food,#travel"
POST0854,@influencer3,Carousel,2023-09-16,713,264,158,253876,175745,"#lifestyle,#fashion,#food"
POST0855,@influencer1,Carousel,2023-10-09,6013,283,29,98449,79105,#lifestyle
POST0856,@influencer20,Reel,2023-02-16,6842,313,128,449161,83038,"#beauty,#fitness"
POST0857,@influencer15,Story,2023-09-10,4255,111,219,461120,409868,"#beauty,#travel"
POST0858,@influencer7,Image,2023-10-02,8537,115,233,254109,207271,"#fashion,#fitness"
POST0859,@influencer10,Carousel,2023-05-23,210,94,250,444575,195613,#travel
POST0860,@influencer5,Image,2023-07-18,5220,64,249,493075,306170,"#fitness,#travel,#beauty"
POST0861,@influencer4,Image,2023-05-24,3949,113,193,38826,34129,"#fitness,#tech,#fashion"
POST0862,@influencer3,Story,2023-01-29,7354,27,209,269237,40624,"#beauty,#fitness"
POST0863,@influencer16,Carousel,2023-03-15,5704,91,19,226516,201547,"#lifestyle,#beauty,#travel"
POST0864,@influencer5,Carousel,2023-10-17,2500,304,169,351407,257427,"#lifestyle,#tech"
POST0865,@influencer3,Carousel,2023-08-24,6955,472,226,104280,87837,"#food,#travel"
POST0866,@influencer5,Reel,2023-04-01,8995,339,85,208485,56647,#fitness
POST0867,@influencer3,Story,2023-02-02,143,480,164,139511,69277,#lifestyle
POST0868,@influencer12,Image,2023-11-03,5140,248,151,53791,33665,"#lifestyle,#tech,#fitness"
POST0869,@influencer14,Image,2023-05-10,4715,17,212,339446,196705,"#food,#beauty,#travel"
POST0870,@influencer20,Image,2023-11-21,2908,179,1,312172,80398,#beauty
POST0871,@influencer4,Story,2023-04-30,2556,474,46,173157,110317,"#tech,#lifestyle,#beauty"
POST0872,@influencer1,Reel,2023-03-18,1720,50,46,356444,277009,"#fitness,#fashion,#travel"
POST0873,@influencer16,Story,2023-09-18,8876,178,231,453781,168432,"#beauty,#travel"
POST0874,@influencer19,Carousel,2023-10-06,1752,110,226,390887,145887,#fitness
POST0875,@influencer15,Story,2023-01-01,6301,97,220,286298,141471,"#travel,#fitness"
POST0876,@influencer9,Image,2023-02-03,7135,212,198,419287,71138,"#fashion,#travel"
POST0877,@influencer4,Carousel,2023-06-09,4435,455,23,31325,10687,"#fitness,#beauty,#travel"
POST0878,@influencer13,Reel,2023-07-17,1339,485,183,344994,36780,"#travel,#food"
POST0879,@influencer17,Reel,2023-04-26,5872,422,124,312736,51955,"#tech,#fitness"
POST0880,@influencer10,Reel,2023-06-26,5561,17,182,16920,11029,"#food,#fitness"
POST0881,@influencer7,Carousel,2023-09-07,4989,236,45,107261,81447,"#fashion,#lifestyle,#fitness"
POST0882,@influencer18,Carousel,2023-11-29,1237,393,249,337346,75248,"#travel,#food,#lifestyle"
POST0883,@influencer1,Reel,2023-12-01,2163,48,229,30816,10747,"#lifestyle,#beauty"
POST0884,@influencer9,Image,2023-11-30,5818,25,75,406336,92035,"#fitness,#beauty"
POST0885,@influencer14,Story,2023-10-12,8939,144,40,182125,161933,"#travel,#fitness"
POST0886,@influencer17,Reel,2023-03-02,579,272,240,229402,43216,#tech
POST0887,@influencer11,Reel,2023-09-07,7354,146,133,221854,85529,"#fitness,#tech,#fashion"
POST0888,@influencer6,Image,2023-11-02,5473,184,39,118415,96487,#lifestyle
POST0889,@influencer14,Story,2023-12-09,7307,177,178,129501,98459,#travel
POST0890,@influencer2,Carousel,2023-06-15,2440,72,225,43057,23663,"#lifestyle,#fitness"
POST0891,@influencer9,Carousel,2023-09-07,2260,473,136,322174,80358,"#fashion,#beauty"
POST0892,@influencer20,Reel,2023-04-10,6495,474,76,408078,162424,#lifestyle
POST0893,@influencer12,Image,2023-03-19,6678,176,95,493241,251585,"#tech,#fashion,#lifestyle"
POST0894,@influencer16,Carousel,2023-11-28,6864,277,167,66836,36776,#lifestyle
POST0895,@influencer2,Story,2023-01-17,6739,24,68,299614,212289,"#fashion,#beauty"
POST0896,@influencer14,Carousel,2023-07-06,5060,354,109,262506,164631,"#fitness,#fashion,#beauty"
POST0897,@influencer2,Image,2023-09-05,1801,66,262,340983,150184,"#lifestyle,#fitness"
POST0898,@influencer20,Story,2023-08-25,3635,250,80,112157,77228,"#lifestyle,#travel"
POST0899,@influencer16,Image,2023-09-22,8089,30,25,58281,49075,"#food,#lifestyle,#tech"
POST0900,@influencer6,Carousel,2023-03-03,4794,103,294,72470,56681,"#travel,#lifestyle,#fitness"
POST0901,@influencer15,Carousel,2023-09-22,8738,294,208,403810,206597,"#beauty,#fitness,#lifestyle"
POST0902,@influencer1,Reel,2023-05-21,2755,433,226,251464,113886,#travel
POST0903,@influencer19,Reel,2023-06-01,4835,128,145,108700,53295,"#fashion,#travel,#tech"
POST0904,@influencer4,Story,2023-04-30,681,416,98,444462,299092,"#travel,#food"
POST0905,@influencer13,Image,2023-09-04,5312,272,102,61238,28710,#fitness
POST0906,@influencer12,Carousel,2023-09-15,4448,226,166,207668,180406,"#fitness,#lifestyle"
POST0907,@influencer20,Reel,2023-01-17,8721,312,137,269603,146064,"#fitness,#food"
POST0908,@influencer10,Story,2023-12-28,4776,462,20,149535,90670,"#food,#travel,#fashion"
POST0909,@influencer7,Reel,2023-08-24,4749,280,67,161844,56373,#travel
POST0910,@influencer9,Story,2023-10-02,4401,44,272,223811,111287,"#fashion,#beauty"
POST0911,@influencer4,Carousel,2023-01-24,6783,66,272,482412,280323,#lifestyle
POST0912,@influencer9,Carousel,2023-12-27,1241,158,208,300863,199074,"#fashion,#lifestyle"
POST0913,@influencer15,Image,2023-08-16,4130,184,9,417955,202617,"#fitness,#fashion"
POST0914,@influencer1,Story,2023-12-17,242,459,291,221461,177205,"#lifestyle,#tech"
POST0915,@influencer19,Carousel,2023-11-21,621,493,287,350546,127435,"#fitness,#lifestyle,#fashion"
POST0916,@influencer3,Image,2023-02-02,5019,424,181,493426,415411,"#beauty,#fashion,#lifestyle"
POST0917,@influencer3,Carousel,2023-03-25,6399,155,175,42570,29270,"#fashion,#fitness,#beauty"
POST0918,@influencer12,Image,2023-01-13,2182,51,213,392476,113654,"#travel,#lifestyle,#fashion"
POST0919,@influencer8,Image,2023-05-04,2626,115,123,496420,355760,"#tech,#lifestyle,#fitness"
POST0920,@influencer6,Image,2023-08-03,1856,19,258,462481,280553,#food
POST0921,@influencer18,Story,2023-03-13,4586,387,15,317141,214252,#beauty
POST0922,@influencer4,Story,2023-12-23,7585,125,47,24465,18905,#travel
POST0923,@influencer4,Story,2023-08-25,6640,178,254,197416,108985,"#food,#travel,#fashion"
POST0924,@influencer3,Image,2023-02-05,9732,163,148,429986,160180,#travel
POST0925,@influencer7,Carousel,2023-03-09,1763,297,293,18919,12612,#lifestyle
POST0926,@influencer8,Carousel,2023-01-27,9111,150,90,139997,69872,#beauty
POST0927,@influencer6,Carousel,2023-09-20,3477,146,206,162998,116156,"#fashion,#lifestyle,#food"
POST0928,@influencer6,Story,2023-03-11,6865,431,131,146879,78316,#beauty
POST0929,@influencer4,Image,2023-05-09,156,185,245,365591,155486,"#travel,#beauty,#tech"
POST0930,@influencer9,Image,2023-07-06,5071,154,263,167553,108811,"#tech,#food,#beauty"
POST0931,@influencer19,Story,2023-03-07,3057,57,105,295911,134504,"#fitness,#lifestyle,#travel"
POST0932,@influencer12,Carousel,2023-04-20,2110,214,236,31467,3888,"#food,#beauty,#fashion"
POST0933,@influencer20,Carousel,2023-07-19,5555,71,137,88697,47835,#food
POST0934,@influencer17,Image,2023-03-29,8467,215,258,254434,196731,"#beauty,#travel,#food"
POST0935,@influencer17,Reel,2023-12-22,1978,234,19,140024,20646,"#fitness,#food,#fashion"
POST0936,@influencer6,Story,2023-10-28,8106,137,31,184504,163720,#tech
POST0937,@influencer2,Reel,2023-07-29,3146,431,56,142912,47520,#fitness
POST0938,@influencer16,Image,2023-01-06,7173,195,278,332507,37048,#travel
POST0939,@influencer8,Image,2023-08-02,7533,413,30,245660,84483,#travel
POST0940,@influencer1,Image,2023-11-20,957,136,8,471973,396755,#travel
POST0941,@influencer6,Carousel,2023-07-27,3891,267,50,350152,113431,#beauty
POST0942,@influencer16,Carousel,2023-12-09,5586,469,237,165966,74034,#tech
POST0943,@influencer5,Reel,2023-10-22,6089,390,106,379054,178830,#lifestyle
POST0944,@influencer6,Carousel,2023-01-07,7701,69,101,478026,109108,"#tech,#food,#fitness"
POST0945,@influencer11,Image,2023-01-10,7296,308,115,317809,156526,"#tech,#food,#fitness"
POST0946,@influencer12,Image,2023-01-02,924,61,289,122718,106906,#fashion
POST0947,@influencer11,Reel,2023-03-19,9068,491,66,74852,18667,"#fitness,#travel,#beauty"
POST0948,@influencer5,Carousel,2023-03-27,8822,51,64,423754,156940,"#beauty,#travel"
POST0949,@influencer10,Image,2023-04-04,4328,438,78,323675,51081,"#tech,#fitness,#fashion"
POST0950,@influencer4,Image,2023-07-12,3870,275,113,407304,74094,"#tech,#lifestyle"
POST0951,@influencer10,Carousel,2023-07-05,1720,468,133,270026,58220,#fitness
POST0952,@influencer4,Story,2023-02-09,5328,78,65,185903,52002,"#lifestyle,#food"
POST0953,@influencer10,Image,2023-04-17,1132,200,294,430751,101982,"#food,#fashion"
POST0954,@influencer4,Carousel,2023-02-21,733,171,7,30968,14679,#beauty
POST0955,@influencer5,Story,2023-03-03,1917,125,279,122286,53617,"#fashion,#tech"
POST0956,@influencer3,Carousel,2023-06-25,3129,341,172,124783,28274,#food
POST0957,@influencer3,Reel,2023-09-16,1840,430,177,301866,146970,#fitness
POST0958,@influencer3,Reel,2023-01-29,9066,225,52,414508,136731,"#food,#fitness"
POST0959,@influencer7,Story,2023-11-18,1159,391,232,148063,50986,"#tech,#lifestyle"
POST0960,@influencer19,Carousel,2023-03-24,5552,286,20,299115,168693,"#lifestyle,#fitness,#fashion"
POST0961,@influencer13,Reel,2023-05-12,1009,280,12,305034,140457,"#food,#lifestyle"
POST0962,@influencer14,Carousel,2023-11-02,7601,217,2,384570,109507,"#food,#fashion,#beauty"
POST0963,@influencer20,Image,2023-05-22,7353,468,45,462547,213106,"#food,#travel"
POST0964,@influencer6,Image,2023-04-14,2845,401,177,313068,35672,"#tech,#beauty,#fashion"
POST0965,@influencer10,Story,2023-09-18,8235,114,196,492801,182067,#lifestyle
POST0966,@influencer12,Image,2023-08-17,4073,279,17,104919,68102,#fashion
POST0967,@influencer16,Carousel,2023-10-25,5027,186,204,482032,407906,#fitness
POST0968,@influencer3,Image,2023-12-24,3375,471,256,295320,76169,#food
POST0969,@influencer9,Carousel,2023-11-18,6574,271,7,98878,13424,#lifestyle
POST0970,@influencer19,Carousel,2023-07-29,7563,402,102,392707,164657,"#travel,#fashion,#tech"
POST0971,@influencer20,Reel,2023-12-14,4245,408,104,413995,255720,#travel
POST0972,@influencer2,Image,2023-02-14,1665,88,165,240835,202446,#tech
POST0973,@influencer4,Story,2023-08-05,295,285,201,20330,14048,"#tech,#lifestyle"
POST0974,@influencer14,Story,2023-03-13,1662,132,105,83038,59115,#fitness
POST0975,@influencer10,Reel,2023-09-03,371,499,156,65531,52800,"#beauty,#travel"
POST0976,@influencer15,Carousel,2023-10-11,8808,110,277,340732,47708,#tech
POST0977,@influencer20,Story,2023-03-04,6319,320,80,56048,22089,"#beauty,#tech,#lifestyle"
POST0978,@influencer12,Carousel,2023-02-15,7858,426,148,159509,77624,"#fashion,#travel,#food"
POST0979,@influencer9,Story,2023-09-01,2621,386,102,93552,57534,#fitness
POST0980,@influencer18,Reel,2023-03-24,4153,198,214,272544,118474,"#beauty,#travel,#tech"
POST0981,@influencer5,Image,2023-10-23,6934,84,140,208225,67292,"#travel,#fitness,#tech"
POST0982,@influencer18,Image,2023-06-29,5296,446,220,41744,11529,#tech
POST0983,@influencer19,Image,2023-09-02,8476,36,249,125179,29393,"#beauty,#food,#lifestyle"
POST0984,@influencer2,Story,2023-01-22,4190,19,159,35924,28592,#tech
POST0985,@influencer2,Carousel,2023-01-01,5772,52,107,124968,22798,"#tech,#travel"
POST0986,@influencer16,Carousel,2023-08-28,689,341,287,412479,317451,#fitness
POST0987,@influencer18,Story,2023-09-06,1234,98,178,200630,76815,"#beauty,#fitness"
POST0988,@influencer5,Reel,2023-11-04,7990,497,133,277201,149683,"#travel,#tech"
POST0989,@influencer2,Reel,2023-11-21,2773,79,201,28466,21784,"#food,#tech,#fashion"
POST0990,@influencer2,Reel,2023-10-14,8762,23,279,237275,149983,"#tech,#food"
POST0991,@influencer15,Story,2023-02-16,5475,452,173,227310,104632,"#food,#travel"
POST0992,@influencer14,Image,2023-11-02,1608,193,294,458814,318475,"#fashion,#fitness"
POST0993,@influencer14,Reel,2023-04-12,1972,87,43,68043,48146,"#travel,#beauty,#fashion"
POST0994,@influencer2,Carousel,2023-10-14,8859,42,244,431004,376199,"#fitness,#lifestyle"
POST0995,@influencer16,Reel,2023-03-28,4414,410,240,458530,367863,#tech
POST0996,@influencer1,Image,2023-10-13,2953,193,80,105459,11522,"#food,#beauty"
POST0997,@influencer7,Image,2023-11-03,3175,125,76,11611,7659,"#travel,#fitness,#lifestyle"
POST0998,@influencer16,Story,2023-12-11,3935,187,71,143458,31346,#travel
POST0999,@influencer15,Carousel,2023-05-27,7432,382,5,48021,17748,"#beauty,#fitness,#tech"
